{
  "version": "0.3.7",
  "timestamp": "2026-05-03 16:50:25Z",
  "latency_mode": "api",
  "latency_ms": 26.96309700005865,
  "model": "qwen35-27b",
  "prefix_caching_enabled": true,
  "max_concurrency": 1,
  "benchmarks": [
    {
      "concurrency": 1,
      "context_size": 8192,
      "prompt_size": 2048,
      "response_size": 128,
      "is_context_prefill_phase": true,
      "pp_throughput": {
        "mean": 785.8122064619165,
        "std": 82.16692613896997,
        "values": [
          670.0478093137755,
          834.9732301503399,
          852.4155799216339
        ]
      },
      "pp_req_throughput": {
        "mean": 785.8122064619165,
        "std": 82.16692613896997,
        "values": [
          670.0478093137755,
          834.9732301503399,
          852.4155799216339
        ]
      },
      "tg_throughput": {
        "mean": 23.42444294117512,
        "std": 3.2781824820074488,
        "values": [
          22.161064563069967,
          27.91911373558295,
          20.193150524872436
        ]
      },
      "tg_req_throughput": {
        "mean": 23.42444294117512,
        "std": 3.2781824820074488,
        "values": [
          22.161064563069967,
          27.91911373558295,
          20.193150524872436
        ]
      },
      "peak_throughput": {
        "mean": 38.0,
        "std": 6.683312551921141,
        "values": [
          47.0,
          36.0,
          31.0
        ]
      },
      "peak_req_throughput": {
        "mean": 38.0,
        "std": 6.683312551921141,
        "values": [
          47.0,
          36.0,
          31.0
        ]
      },
      "ttfr": {
        "mean": 10577.000483333299,
        "std": 1188.9970682335102,
        "values": [
          12254.448787000001,
          9839.253723999946,
          9637.298938999947
        ]
      },
      "est_ppt": {
        "mean": 10550.037386333239,
        "std": 1188.9970682335102,
        "values": [
          12227.485689999943,
          9812.290626999888,
          9610.33584199989
        ]
      },
      "e2e_ttft": {
        "mean": 10577.000483333299,
        "std": 1188.9970682335102,
        "values": [
          12254.448787000001,
          9839.253723999946,
          9637.298938999947
        ]
      },
      "throughput_over_time": null,
      "requests_throughput_over_time": null
    },
    {
      "concurrency": 1,
      "context_size": 8192,
      "prompt_size": 2048,
      "response_size": 128,
      "is_context_prefill_phase": false,
      "pp_throughput": {
        "mean": 163.92091420216093,
        "std": 6.341109670570352,
        "values": [
          166.66812471436356,
          169.94015234914437,
          155.15446554297486
        ]
      },
      "pp_req_throughput": {
        "mean": 163.92091420216093,
        "std": 6.341109670570352,
        "values": [
          166.66812471436356,
          169.94015234914437,
          155.15446554297486
        ]
      },
      "tg_throughput": {
        "mean": 23.96686274395724,
        "std": 1.7402638785298006,
        "values": [
          24.51254600009904,
          25.772349744459852,
          21.615692487312835
        ]
      },
      "tg_req_throughput": {
        "mean": 23.96686274395724,
        "std": 1.7402638785298006,
        "values": [
          24.51254600009904,
          25.772349744459852,
          21.615692487312835
        ]
      },
      "peak_throughput": {
        "mean": 36.333333333333336,
        "std": 4.642796092394707,
        "values": [
          41.0,
          38.0,
          30.0
        ]
      },
      "peak_req_throughput": {
        "mean": 36.333333333333336,
        "std": 4.642796092394707,
        "values": [
          41.0,
          38.0,
          30.0
        ]
      },
      "ttfr": {
        "mean": 12539.944069333236,
        "std": 495.13066837269076,
        "values": [
          12314.855598999884,
          12078.264520999937,
          13226.712087999886
        ]
      },
      "est_ppt": {
        "mean": 12512.980972333176,
        "std": 495.13066837269076,
        "values": [
          12287.892501999826,
          12051.30142399988,
          13199.748990999828
        ]
      },
      "e2e_ttft": {
        "mean": 12539.944069333236,
        "std": 495.13066837269076,
        "values": [
          12314.855598999884,
          12078.264520999937,
          13226.712087999886
        ]
      },
      "throughput_over_time": null,
      "requests_throughput_over_time": null
    }
  ]
}