{
  "version": "0.3.7",
  "timestamp": "2026-05-03 18:29:00Z",
  "latency_mode": "api",
  "latency_ms": 12.673670666724016,
  "model": "qwen35-27b",
  "prefix_caching_enabled": true,
  "max_concurrency": 5,
  "benchmarks": [
    {
      "concurrency": 5,
      "context_size": 32768,
      "prompt_size": 2048,
      "response_size": 128,
      "is_context_prefill_phase": true,
      "pp_throughput": {
        "mean": 745.1282560584149,
        "std": 4.3127480655256525,
        "values": [
          739.0321226841302,
          748.0103039898637,
          748.3423415012508
        ]
      },
      "pp_req_throughput": {
        "mean": 215.8923044634566,
        "std": 88.14325168794997,
        "values": [
          147.81307001265876,
          374.6584063970379,
          220.09500732451164,
          172.49326735361754,
          148.89511838323438,
          150.77583985679905,
          389.93563874018355,
          221.91267600340117,
          149.6511136153858,
          175.2072006948832,
          149.6819891475265,
          175.37495217674063,
          387.3118268231812,
          150.88708203887552,
          223.69137838381226
        ]
      },
      "tg_throughput": {
        "mean": 4.272213396960876,
        "std": 0.010912194793516962,
        "values": [
          4.286459017534109,
          4.270229722173554,
          4.259951451174966
        ]
      },
      "tg_req_throughput": {
        "mean": 4.630964088876133,
        "std": 3.612232090239691,
        "values": [
          9.128460516795043,
          0.8572914426758337,
          1.511062517370118,
          3.0539847367427053,
          9.130814075250335,
          9.662388566500432,
          0.8720614265349013,
          1.494233378352135,
          9.417023117854288,
          2.837308862925168,
          8.688358273644413,
          2.7641368672325175,
          0.8810928908780287,
          7.694802494554263,
          1.4714421658318158
        ]
      },
      "peak_throughput": {
        "mean": 65.0,
        "std": 0.816496580927726,
        "values": [
          66.0,
          65.0,
          64.0
        ]
      },
      "peak_req_throughput": {
        "mean": 19.0,
        "std": 2.851899951494325,
        "values": [
          20.0,
          14.0,
          19.0,
          22.0,
          21.0,
          24.0,
          19.0,
          14.0,
          21.0,
          17.0,
          19.0,
          18.0,
          23.0,
          17.0,
          17.0
        ]
      },
      "ttfr": {
        "mean": 171826.00745766665,
        "std": 50566.1949549114,
        "values": [
          221704.84201,
          87476.3457529998,
          148898.37716000056,
          189991.1029899995,
          220100.48014699988,
          217348.554745,
          84049.61911600003,
          147678.8664730002,
          218988.6586020002,
          187042.65799800033,
          218936.8086760005,
          186863.75812299957,
          84621.50234699948,
          217188.3228859997,
          146500.21483900037
        ]
      },
      "est_ppt": {
        "mean": 171813.33378699998,
        "std": 50566.19495491141,
        "values": [
          221692.16833933326,
          87463.67208233308,
          148885.70348933386,
          189978.42931933276,
          220087.80647633315,
          217335.88107433327,
          84036.9454453333,
          147666.19280233348,
          218975.98493133349,
          187029.9843273336,
          218924.13500533378,
          186851.08445233284,
          84608.82867633275,
          217175.649215333,
          146487.54116833364
        ]
      },
      "e2e_ttft": {
        "mean": 171837.43589853335,
        "std": 50558.182514188404,
        "values": [
          221704.84201,
          87476.3457529998,
          148905.4626650004,
          189991.1029899995,
          220100.48014699988,
          217348.554745,
          84083.42097400055,
          147779.70472400013,
          218988.6586020002,
          187042.65799800033,
          218943.91231600003,
          186869.2225699997,
          84634.4115869997,
          217192.54655799977,
          146500.21483900037
        ]
      },
      "throughput_over_time": null,
      "requests_throughput_over_time": null
    },
    {
      "concurrency": 5,
      "context_size": 32768,
      "prompt_size": 2048,
      "response_size": 128,
      "is_context_prefill_phase": false,
      "pp_throughput": {
        "mean": 82.06605818657549,
        "std": 11.312656908249247,
        "values": [
          77.39941881234262,
          71.14678691196737,
          97.6519688354165
        ]
      },
      "pp_req_throughput": {
        "mean": 23.647592534077056,
        "std": 8.01849895370239,
        "values": [
          34.58947701992494,
          15.485066867358384,
          15.677933491661584,
          25.46950357015706,
          25.47953963540145,
          36.887482874739234,
          20.87292055355019,
          14.314532448987539,
          14.241077421155758,
          26.551487250728623,
          19.84957315604595,
          22.2984500137963,
          22.305049097331192,
          19.549935334788557,
          41.14185927552908
        ]
      },
      "tg_throughput": {
        "mean": 7.541694083180285,
        "std": 1.205882854942324,
        "values": [
          7.308113985178724,
          6.19550414491912,
          9.12146411944301
        ]
      },
      "tg_req_throughput": {
        "mean": 5.156223243873744,
        "std": 3.461914002116094,
        "values": [
          1.4657380272544231,
          9.195853605278701,
          9.363906248935269,
          1.9911066437542726,
          2.0182948928891102,
          1.2488631356233089,
          2.1882456068000735,
          8.922784890909156,
          10.34402842673603,
          1.571944087953059,
          8.533112165099626,
          4.774310681468383,
          5.125792044192429,
          8.6649653223315,
          1.9344028788808323
        ]
      },
      "peak_throughput": {
        "mean": 77.33333333333333,
        "std": 19.293061504650375,
        "values": [
          59.0,
          104.0,
          69.0
        ]
      },
      "peak_req_throughput": {
        "mean": 20.466666666666665,
        "std": 3.403266404826725,
        "values": [
          19.0,
          18.0,
          22.0,
          18.0,
          19.0,
          19.0,
          30.0,
          21.0,
          22.0,
          19.0,
          22.0,
          15.0,
          19.0,
          19.0,
          25.0
        ]
      },
      "ttfr": {
        "mean": 96139.97532640005,
        "std": 29613.064917765958,
        "values": [
          59221.432416000425,
          132269.12548600012,
          130642.13456800007,
          80422.56443899986,
          80390.89201000024,
          55532.8621030003,
          98130.2320040004,
          143084.05985099945,
          143822.01754500056,
          77145.82936399983,
          103188.69584000003,
          91857.62247799995,
          91830.44959499966,
          104770.0534229998,
          49791.6587740001
        ]
      },
      "est_ppt": {
        "mean": 96127.30165573332,
        "std": 29613.06491776596,
        "values": [
          59208.758745333704,
          132256.4518153334,
          130629.46089733335,
          80409.89076833315,
          80378.21833933351,
          55520.188432333576,
          98117.55833333367,
          143071.38618033272,
          143809.34387433383,
          77133.15569333312,
          103176.02216933332,
          91844.94880733322,
          91817.77592433293,
          104757.37975233309,
          49778.985103333376
        ]
      },
      "e2e_ttft": {
        "mean": 96151.68295633333,
        "std": 29609.761282210988,