{
  "version": "0.3.7",
  "timestamp": "2026-05-03 17:14:27Z",
  "latency_mode": "api",
  "latency_ms": 17.667051999827283,
  "model": "qwen35-27b",
  "prefix_caching_enabled": true,
  "max_concurrency": 10,
  "benchmarks": [
    {
      "concurrency": 10,
      "context_size": 8192,
      "prompt_size": 2048,
      "response_size": 128,
      "is_context_prefill_phase": true,
      "pp_throughput": {
        "mean": 784.7731617941491,
        "std": 7.572491300303892,
        "values": [
          774.2360180242134,
          791.6971452951647,
          788.3863220630694
        ]
      },
      "pp_req_throughput": {
        "mean": 98.32560331335843,
        "std": 27.470845036426162,
        "values": [
          163.208147796628,
          117.41706169532418,
          117.4359594348742,
          90.01091313569337,
          90.0136505991183,
          78.72515172845223,
          77.57564735075357,
          77.5875686774586,
          77.44711229797451,
          77.59002286663265,
          79.43726022003727,
          79.45995578214757,
          79.22694540700512,
          170.01029693228915,
          120.85128030720395,
          120.87855122543259,
          93.03208172895823,
          93.03924637385609,
          80.5530298989948,
          79.48847731956353,
          92.22635921178892,
          78.85807593035013,
          166.5844252527895,
          119.86148533496232,
          119.87241083103267,
          92.24224833564568,
          78.94004706067409,
          80.28583186155703,
          78.95476949856767,
          78.95408530498669
        ]
      },
      "tg_throughput": {
        "mean": 18.300221879371392,
        "std": 0.4522785465677184,
        "values": [
          17.662966600384554,
          18.57127738857129,
          18.66642164915834
        ]
      },
      "tg_req_throughput": {
        "mean": 7.226253042490721,
        "std": 4.016361484481989,
        "values": [
          1.9553288234396613,
          2.7026073616282535,
          2.6357044339250195,
          5.061018204840936,
          4.830975182709831,
          10.00780156673914,
          10.005542622332669,
          13.354860335418593,
          11.028952062633229,
          10.281760205436512,
          11.005157507187459,
          14.393382485774465,
          9.645599448353552,
          1.8759265595942487,
          2.786090201904208,
          2.7114697971317137,
          4.838090585603026,
          4.8961407596703435,
          9.372890664166949,
          11.004111386335964,
          5.229901177904387,
          11.566572346354237,
          1.9960396165557792,
          2.6731702636599013,
          2.6277757074737593,
          5.162020721791378,
          10.339083099559057,
          8.37021103539437,
          12.372063523235823,
          12.057343587967189
        ]
      },
      "peak_throughput": {
        "mean": 149.33333333333334,
        "std": 2.6246692913372702,
        "values": [
          147.0,
          153.0,
          148.0
        ]
      },
      "peak_req_throughput": {
        "mean": 22.533333333333335,
        "std": 3.922017621355394,
        "values": [
          21.0,
          20.0,
          14.0,
          25.0,
          22.0,
          18.0,
          30.0,
          24.0,
          25.0,
          28.0,
          21.0,
          29.0,
          21.0,
          20.0,
          18.0,
          19.0,
          21.0,
          18.0,
          23.0,
          27.0,
          22.0,
          24.0,
          19.0,
          24.0,
          20.0,
          26.0,
          27.0,
          17.0,
          24.0,
          29.0
        ]
      },
      "ttfr": {
        "mean": 88469.72764306665,
        "std": 18796.884759622113,
        "values": [
          50211.23955799976,
          69794.57921200038,
          69783.35074400002,
          91039.9632890003,
          91037.19515099964,
          104088.6001670001,
          105617.81709599972,
          105614.4803000002,
          105805.98835799992,
          105611.14025000005,
          103168.25378300018,
          103126.20668499994,
          103429.45401299994,
          48208.865749000324,
          67803.46112200004,
          67796.44101099984,
          88084.06143699994,
          88077.27973500005,
          101727.06284099969,
          103076.6295110002,
          88853.44101099964,
          103913.17684400019,
          49199.93596799986,
          68363.22423499996,
          68365.33723899993,
          88838.13866699985,
          103805.29202900015,
          102053.10481299966,
          103798.60456899996,
          103799.50390500017
        ]
      },
      "est_ppt": {
        "mean": 88452.0605910668,
        "std": 18796.884759622113,
        "values": [
          50193.57250599993,
          69776.91216000055,
          69765.6836920002,
          91022.29623700047,
          91019.52809899983,
          104070.93311500027,
          105600.1500439999,
          105596.81324800037,
          105788.3213060001,
          105593.47319800024,
          103150.58673100035,
          103108.53963300012,
          103411.78696100012,
          48191.198697000495,
          67785.79407000022,
          67778.77395900001,
          88066.39438500012,
          88059.61268300022,
          101709.39578899986,
          103058.96245900037,
          88835.77395899981,
          103895.50979200036,
          49182.26891600004,
          68345.55718300014,
          68347.6701870001,
          88820.47161500002,
          103787.62497700033,
          102035.43776099983,
          103780.93751700014,
          103781.83685300034
        ]
      },
      "e2e_ttft": {
        "mean": 88469.72764306665,
        "std": 18796.884759622113,
        "values": [
          50211.23955799976,
          69794.57921200038,
          69783.35074400002,
          91039.9632890003,
          91037.19515099964,
          104088.6001670001,
          105617.81709599972,
          105614.4803000002,
          105805.98835799992,
          105611.14025000005,
          103168.25378300018,
          103126.20668499994,
          103429.45401299994,
          48208.865749000324,
          67803.46112200004,
          67796.44101099984,
          88084.06143699994,
          88077.27973500005,
          101727.06284099969,
          103076.6295110002,
          88853.44101099964,
          103913.17684400019,
          49199.93596799986,
          68363.22423499996,
          68365.33723899993,
          88838.13866699985,
          103805.29202900015,
          102053.10481299966,
          103798.60456899996,
          103799.50390500017
        ]
      },
      "throughput_over_time": null,
      "requests_throughput_over_time": null
    },
    {
      "concurrency": 10,
      "context_size": 8192,
      "prompt_size": 2048,
      "response_size": 128,
      "is_context_prefill_phase": false,
      "pp_throughput": {
        "mean": 157.47477407492732,
        "std": 0.279338562702963,
        "values": [
          157.86077448635706,
          157.2089878080366,
          157.35455993038835
        ]
      },
      "pp_req_throughput": {
        "mean": 20.924453600798998,
        "std": 7.037100041039774,