{
  "version": "0.3.7",
  "timestamp": "2026-05-03 22:34:13Z",
  "latency_mode": "api",
  "latency_ms": 10.936027330899378,
  "model": "qwen35-27b",
  "prefix_caching_enabled": true,
  "max_concurrency": 2,
  "benchmarks": [
    {
      "concurrency": 2,
      "context_size": 100000,
      "prompt_size": 2048,
      "response_size": 128,
      "is_context_prefill_phase": true,
      "pp_throughput": {
        "mean": 657.996170408548,
        "std": 1.8836077644793523,
        "values": [
          660.5371814704765,
          657.4180624533866,
          656.0332673017807
        ]
      },
      "pp_req_throughput": {
        "mean": 404.4863586907189,
        "std": 75.4881387387284,
        "values": [
          482.2436381560608,
          330.28153834440695,
          328.7370546850893,
          480.4421061874349,
          328.0284005643015,
          477.1854142070195
        ]
      },
      "tg_throughput": {
        "mean": 2.2374699297915757,
        "std": 0.01586850643104908,
        "values": [
          2.215044487649269,
          2.24794855068569,
          2.249416751039767
        ]
      },
      "tg_req_throughput": {
        "mean": 4.489801481416445,
        "std": 3.4926754674789913,
        "values": [
          1.1075182184966088,
          6.663483239493502,
          9.717268158383447,
          1.1239702539867087,
          7.176547250181374,
          1.150021767957028
        ]
      },
      "peak_throughput": {
        "mean": 39.666666666666664,
        "std": 6.182412330330469,
        "values": [
          31.0,
          45.0,
          43.0
        ]
      },
      "peak_req_throughput": {
        "mean": 19.833333333333332,
        "std": 3.131382371342656,
        "values": [
          15.0,
          16.0,
          23.0,
          22.0,
          21.0,
          22.0
        ]
      },
      "ttfr": {
        "mean": 256161.15883566698,
        "std": 47800.467556011696,
        "values": [
          207377.07232799949,
          302785.9579110009,
          304208.4658610001,
          208154.64098600205,
          304865.63710799965,
          209575.17881999956
        ]
      },
      "est_ppt": {
        "mean": 256150.22280833608,
        "std": 47800.467556011696,
        "values": [
          207366.1363006686,
          302775.02188367,
          304197.52983366925,
          208143.70495867115,
          304854.7010806687,
          209564.24279266867
        ]
      },
      "e2e_ttft": {
        "mean": 256163.65846066645,
        "std": 47802.98034969731,
        "values": [
          207377.07232799949,
          302785.9579110009,
          304223.46361099696,
          208154.64098600205,
          304865.63710799965,
          209575.17881999956
        ]
      },
      "throughput_over_time": null,
      "requests_throughput_over_time": null
    },
    {
      "concurrency": 2,
      "context_size": 100000,
      "prompt_size": 2048,
      "response_size": 128,
      "is_context_prefill_phase": false,
      "pp_throughput": {
        "mean": 87.50544680129639,
        "std": 1.7507879524454912,
        "values": [
          89.82516142771081,
          87.09530991641005,
          85.59586905976829
        ]
      },
      "pp_req_throughput": {
        "mean": 43.948029561627926,
        "std": 0.8442155757628083,
        "values": [
          44.92335453654744,
          45.13072376537985,
          43.99711485229863,
          43.62709784003324,
          43.149761851976834,
          42.86012452353155
        ]
      },
      "tg_throughput": {
        "mean": 12.904008288880398,
        "std": 0.8331317626335911,
        "values": [
          13.385920701368935,
          11.73193279871997,
          13.594171366552288
        ]
      },
      "tg_req_throughput": {
        "mean": 6.813601208837034,
        "std": 0.514441723891797,
        "values": [
          7.155960307474189,
          6.692809696904073,
          5.865941192703357,
          6.689399888131317,
          7.539676793823504,
          6.937819373985763
        ]
      },
      "peak_throughput": {
        "mean": 27.0,
        "std": 1.4142135623730951,
        "values": [
          25.0,
          28.0,
          28.0
        ]
      },
      "peak_req_throughput": {
        "mean": 15.333333333333334,
        "std": 1.4907119849998596,
        "values": [
          13.0,
          17.0,
          14.0,
          16.0,
          15.0,
          17.0
        ]
      },
      "ttfr": {
        "mean": 46628.569015165944,
        "std": 892.1673483987042,
        "values": [
          45599.695395998424,
          45390.221558998746,
          46559.44282999917,
          46954.237355999794,
          47473.53864899924,
          47794.278301000304
        ]
      },
      "est_ppt": {
        "mean": 46617.632987835044,
        "std": 892.1673483987042,
        "values": [
          45588.759368667525,
          45379.28553166785,
          46548.50680266827,
          46943.301328668895,
          47462.60262166834,
          47783.342273669405
        ]
      },
      "e2e_ttft": {
        "mean": 46628.569015165944,
        "std": 892.1673483987042,
        "values": [
          45599.695395998424,
          45390.221558998746,
          46559.44282999917,
          46954.237355999794,
          47473.53864899924,
          47794.278301000304
        ]
      },
      "throughput_over_time": null,
      "requests_throughput_over_time": null
    }
  ]
}