{
  "version": "0.3.7",
  "timestamp": "2026-05-03 23:55:34Z",
  "latency_mode": "api",
  "latency_ms": 31.40746166657967,
  "model": "qwen35-27b",
  "prefix_caching_enabled": true,
  "max_concurrency": 5,
  "benchmarks": [
    {
      "concurrency": 5,
      "context_size": 100000,
      "prompt_size": 2048,
      "response_size": 128,
      "is_context_prefill_phase": true,
      "pp_throughput": {
        "mean": 645.4966659780918,
        "std": 0.45844289495220686,
        "values": [
          645.9969792464684,
          645.6036084996193,
          644.8894101881876
        ]
      },
      "pp_req_throughput": {
        "mean": 252.95755361917028,
        "std": 123.28926843892451,
        "values": [
          286.06740034822843,
          475.48195966349937,
          220.67299187935615,
          160.05430775442906,
          129.20587608974984,
          474.97807048019166,
          129.13208903844284,
          220.43189168584107,
          146.48844362998653,
          284.30136552808193,
          128.9831069206452,
          220.1498826066172,
          472.97396550583795,
          160.596548424811,
          284.84540473183614
        ]
      },
      "tg_throughput": {
        "mean": 1.0861741195098167,
        "std": 0.006668273178607046,
        "values": [
          1.076765837412811,
          1.091436804884375,
          1.0903197162322638
        ]
      },
      "tg_req_throughput": {
        "mean": 1.7710821451993195,
        "std": 2.3341394725454037,
        "values": [
          0.46089230108680473,
          0.48058248454612323,
          0.40965477422433333,
          0.7541022233180011,
          4.871119312130753,
          0.3623903613850076,
          7.240723762561605,
          0.3942211225326895,
          1.158480479597796,
          1.0469271376434246,
          6.83846290510147,
          0.4470716352801865,
          0.3065422218602162,
          0.7493352176324346,
          1.0457262390889508
        ]
      },
      "peak_throughput": {
        "mean": 25.333333333333332,
        "std": 2.0548046676563256,
        "values": [
          23.0,
          28.0,
          25.0
        ]
      },
      "peak_req_throughput": {
        "mean": 11.333333333333334,
        "std": 2.0548046676563256,
        "values": [
          11.0,
          13.0,
          8.0,
          14.0,
          11.0,
          9.0,
          15.0,
          9.0,
          12.0,
          12.0,
          13.0,
          9.0,
          9.0,
          13.0,
          12.0
        ]
      },
      "ttfr": {
        "mean": 486666.9493513337,
        "std": 201933.35539553472,
        "values": [
          349602.8716630026,
          210344.32884099806,
          453190.62349600065,
          624825.5876559997,
          773997.7550180011,
          210569.54851500268,
          774432.2612279975,
          453690.8087180018,
          682685.939941999,
          351777.87133899983,
          775334.4869690009,
          454271.94039299863,
          211461.64949000013,
          622716.0229210021,
          351102.54408100084
        ]
      },
      "est_ppt": {
        "mean": 486635.5418896673,
        "std": 201933.35539553472,
        "values": [
          349571.464201336,
          210312.92137933147,
          453159.21603433404,
          624794.1801943331,
          773966.3475563345,
          210538.1410533361,
          774400.8537663309,
          453659.4012563352,
          682654.5324803325,
          351746.46387733327,
          775303.0795073343,
          454240.53293133207,
          211430.24202833354,
          622684.6154593355,
          351071.1366193342
        ]
      },
      "e2e_ttft": {
        "mean": 486666.9493513337,
        "std": 201933.35539553472,
        "values": [
          349602.8716630026,
          210344.32884099806,
          453190.62349600065,
          624825.5876559997,
          773997.7550180011,
          210569.54851500268,
          774432.2612279975,
          453690.8087180018,
          682685.939941999,
          351777.87133899983,
          775334.4869690009,
          454271.94039299863,
          211461.64949000013,
          622716.0229210021,
          351102.54408100084
        ]
      },
      "throughput_over_time": null,
      "requests_throughput_over_time": null
    },
    {
      "concurrency": 5,
      "context_size": 100000,
      "prompt_size": 2048,
      "response_size": 128,
      "is_context_prefill_phase": false,
      "pp_throughput": {
        "mean": 12.708085226040732,
        "std": 0.18227444699246467,
        "values": [
          12.450601412947519,
          12.826219327166468,
          12.847434938008213
        ]
      },
      "pp_req_throughput": {
        "mean": 4.982277945853467,
        "std": 2.4851372442852826,
        "values": [
          5.254694880371099,
          9.068546668652395,
          3.12467835840233,
          4.26241730235721,
          2.490782981670551,
          5.475669398289207,
          4.381716734728182,
          9.650000451211222,
          2.565782400988339,
          2.949146612812138,
          2.5695882417546314,
          3.181580471759508,
          5.505146946709274,
          4.408097551680444,
          9.846320186415477
        ]
      },
      "tg_throughput": {
        "mean": 1.0457818890122643,
        "std": 0.008039044449017358,
        "values": [
          1.0364038093807377,
          1.056036723497118,
          1.044905134158937
        ]
      },
      "tg_req_throughput": {
        "mean": 2.347500892571266,
        "std": 2.927337805822547,
        "values": [
          0.2971842047704633,
          0.46793780096336435,
          0.7075506853151641,
          0.7246967013378723,
          7.651038298968819,
          0.628100790173405,
          5.834009581290659,
          0.4272109214040976,
          8.29144805683695,
          1.0672359251415793,
          6.733412664532079,
          0.7493694019898837,
          0.46685270689960096,
          0.7078470199188859,
          0.4586186290261655
        ]
      },
      "peak_throughput": {
        "mean": 48.333333333333336,
        "std": 13.097921802925667,
        "values": [
          47.0,
          65.0,
          33.0
        ]
      },
      "peak_req_throughput": {
        "mean": 16.933333333333334,
        "std": 7.343629136121246,
        "values": [
          10.0,
          12.0,
          25.0,
          14.0,
          22.0,
          12.0,
          14.0,
          13.0,
          35.0,
          30.0,
          13.0,
          12.0,
          13.0,
          18.0,
          11.0
        ]
      },
      "ttfr": {
        "mean": 507053.3641667338,
        "std": 208677.95288643078,
        "values": [
          389778.10953000153,
          225866.93269300304,
          655458.8675369996,
          480509.9375360005,
          822262.8162479996,
          374049.6052439994,
          467428.1206650012,
          212259.3768129991,
          798228.4795170017,
          694469.5853070007,
          797046.2624960019,
          643736.6408130002,
          372046.908559998,
          464630.925958998,
          208027.89358300288
        ]
      },
      "est_ppt": {
        "mean": 507021.95670506736,
        "std": 208677.95288643078,
        "values": [
          389746.70206833497,
          225835.52523133645,
          655427.460075333,
          480478.53007433395,
          822231.4087863329,
          374018.19778233283,
          467396.7132033346,
          212227.96935133252,
          798197.072055335,
          694438.177845334,
          797014.8550343353,
          643705.2333513335,
          372015.5010983314,
          464599.5184973314,
          207996.4861213363
        ]
      },
      "e2e_ttft": {
        "mean": 507079.42520173383,
        "std": 208642.85636103796,