{
  "version": "0.3.7",
  "timestamp": "2026-05-03 16:54:01Z",
  "latency_mode": "api",
  "latency_ms": 18.493263000057897,
  "model": "qwen35-27b",
  "prefix_caching_enabled": true,
  "max_concurrency": 2,
  "benchmarks": [
    {
      "concurrency": 2,
      "context_size": 8192,
      "prompt_size": 2048,
      "response_size": 128,
      "is_context_prefill_phase": true,
      "pp_throughput": {
        "mean": 688.7547286977903,
        "std": 97.01782721752902,
        "values": [
          756.8470325324871,
          551.552060670804,
          757.8650928900797
        ]
      },
      "pp_req_throughput": {
        "mean": 346.52497339009915,
        "std": 48.6824606129399,
        "values": [
          378.7701691295821,
          383.2888238531603,
          279.4501051244738,
          276.004875598335,
          382.3048987266991,
          379.3309679083444
        ]
      },
      "tg_throughput": {
        "mean": 39.10364746387402,
        "std": 9.067199755797217,
        "values": [
          26.374101442463083,
          44.13045160951597,
          46.80638933964301
        ]
      },
      "tg_req_throughput": {
        "mean": 21.419547824695275,
        "std": 5.028838963620162,
        "values": [
          15.97679059731529,
          13.186990451366372,
          26.59921212589148,
          23.58817027926424,
          23.402122609890583,
          25.764000884443693
        ]
      },
      "peak_throughput": {
        "mean": 83.0,
        "std": 20.11632835948615,
        "values": [
          57.0,
          106.0,
          86.0
        ]
      },
      "peak_req_throughput": {
        "mean": 43.333333333333336,
        "std": 12.160957564636465,
        "values": [
          31.0,
          26.0,
          61.0,
          54.0,
          42.0,
          46.0
        ]
      },
      "ttfr": {
        "mean": 24191.44773200003,
        "std": 3770.2326186369323,
        "values": [
          21649.02456599998,
          21391.409691000037,
          29336.78604500005,
          29702.75149300005,
          21449.032152999964,
          21619.682444000093
        ]
      },
      "est_ppt": {
        "mean": 24172.95446899997,
        "std": 3770.2326186369323,
        "values": [
          21630.531302999923,
          21372.91642799998,
          29318.292781999997,
          29684.258229999992,
          21430.538889999905,
          21601.189181000034
        ]
      },
      "e2e_ttft": {
        "mean": 24191.44773200003,
        "std": 3770.2326186369323,
        "values": [
          21649.02456599998,
          21391.409691000037,
          29336.78604500005,
          29702.75149300005,
          21449.032152999964,
          21619.682444000093
        ]
      },
      "throughput_over_time": null,
      "requests_throughput_over_time": null
    },
    {
      "concurrency": 2,
      "context_size": 8192,
      "prompt_size": 2048,
      "response_size": 128,
      "is_context_prefill_phase": false,
      "pp_throughput": {
        "mean": 157.50320209938457,
        "std": 1.8456773444817414,
        "values": [
          160.09217868135596,
          155.92115949456834,
          156.4962681222294
        ]
      },
      "pp_req_throughput": {
        "mean": 79.12595418228317,
        "std": 0.9317542548904162,
        "values": [
          80.60398564858608,
          80.10892244020768,
          78.0155008887486,
          78.79421134051236,
          78.303461242162,
          78.92964353348232
        ]
      },
      "tg_throughput": {
        "mean": 41.38373293957977,
        "std": 4.114639807519123,
        "values": [
          44.7390715372798,
          43.82330401378545,
          35.58882326767406
        ]
      },
      "tg_req_throughput": {
        "mean": 22.452710569977885,
        "std": 3.091705480989755,
        "values": [
          22.36891298980342,
          27.394531310604172,
          24.955378471661508,
          21.910236733339786,
          20.292916742136644,
          17.794287172321784
        ]
      },
      "peak_throughput": {
        "mean": 63.0,
        "std": 1.632993161855452,
        "values": [
          63.0,
          61.0,
          65.0
        ]
      },
      "peak_req_throughput": {
        "mean": 33.833333333333336,
        "std": 2.733536577809454,
        "values": [
          33.0,
          37.0,
          35.0,
          30.0,
          31.0,
          37.0
        ]
      },
      "ttfr": {
        "mean": 25904.848129333306,
        "std": 303.2332003114376,
        "values": [
          25426.66611599998,
          25583.68547400005,
          26269.686636999948,
          26010.25033699989,
          26173.148083000116,
          25965.652128999864
        ]
      },
      "est_ppt": {
        "mean": 25886.354866333248,
        "std": 303.2332003114376,
        "values": [
          25408.17285299992,
          25565.19221099999,
          26251.193373999893,
          25991.75707399983,
          26154.654820000058,
          25947.158865999805
        ]
      },
      "e2e_ttft": {
        "mean": 25904.848129333306,
        "std": 303.2332003114376,
        "values": [
          25426.66611599998,
          25583.68547400005,
          26269.686636999948,
          26010.25033699989,
          26173.148083000116,
          25965.652128999864
        ]
      },
      "throughput_over_time": null,
      "requests_throughput_over_time": null
    }
  ]
}