{
  "version": "0.3.7",
  "timestamp": "2026-05-03 16:31:17Z",
  "latency_mode": "api",
  "latency_ms": 18.9688916666834,
  "model": "qwen35-27b",
  "prefix_caching_enabled": true,
  "max_concurrency": 5,
  "benchmarks": [
    {
      "concurrency": 5,
      "context_size": 0,
      "prompt_size": 2048,
      "response_size": 128,
      "is_context_prefill_phase": false,
      "pp_throughput": {
        "mean": 1029.1994042338722,
        "std": 13.60214022321711,
        "values": [
          1047.0496849144467,
          1014.0651626948105,
          1026.4833650923595
        ]
      },
      "pp_req_throughput": {
        "mean": 207.84653122888548,
        "std": 4.1452719248917065,
        "values": [
          209.7553239511602,
          215.70615342020423,
          215.73460019432665,
          209.89748242071005,
          209.792994398506,
          203.19672375569738,
          209.38004110188368,
          203.2037570982179,
          203.21042365000687,
          203.21973468111767,
          205.6711931107857,
          211.76897081567918,
          205.6854111135735,
          205.6962887716167,
          205.77886994979704
        ]
      },
      "tg_throughput": {
        "mean": 71.89959752409517,
        "std": 6.602006207807592,
        "values": [
          81.22775715541766,
          66.89083325662466,
          67.58020216024319
        ]
      },
      "tg_req_throughput": {
        "mean": 17.603419535880857,
        "std": 2.435629433222436,
        "values": [
          19.097749960994285,
          17.823060591741857,
          20.42638425325807,
          17.99623817576599,
          16.815039723929985,
          17.711327248130633,
          14.119155445018016,
          16.777876511412273,
          18.29411306569286,
          13.80976001213546,
          22.193391728741407,
          20.391715297261506,
          13.940484365611143,
          19.307920960991936,
          15.347075697527407
        ]
      },
      "peak_throughput": {
        "mean": 124.33333333333333,
        "std": 5.792715732327588,
        "values": [
          132.0,
          123.0,
          118.0
        ]
      },
      "peak_req_throughput": {
        "mean": 29.2,
        "std": 2.9709706606876254,
        "values": [
          34.0,
          27.0,
          34.0,
          32.0,
          31.0,
          27.0,
          26.0,
          27.0,
          28.0,
          27.0,
          32.0,
          32.0,
          25.0,
          30.0,
          26.0
        ]
      },
      "ttfr": {
        "mean": 9880.771387666648,
        "std": 195.0016984011781,
        "values": [
          9782.725831999982,
          9518.002496000008,
          9516.749953000044,
          9780.87730699997,
          9780.972650999956,
          10102.792893000014,
          9805.001930999992,
          10102.443869000013,
          10102.113068999985,
          10101.651083999968,
          9981.472482999947,
          9694.607357999985,
          9980.783825000002,
          9980.257022999922,
          9981.119040999944
        ]
      },
      "est_ppt": {
        "mean": 9861.802495999966,
        "std": 195.0016984011781,
        "values": [
          9763.7569403333,
          9499.033604333325,
          9497.78106133336,
          9761.908415333286,
          9762.003759333273,
          10083.82400133333,
          9786.03303933331,
          10083.47497733333,
          10083.1441773333,
          10082.682192333285,
          9962.503591333265,
          9675.638466333301,
          9961.81493333332,
          9961.288131333238,
          9962.15014933326
        ]
      },
      "e2e_ttft": {
        "mean": 9880.771387666648,
        "std": 195.0016984011781,
        "values": [
          9782.725831999982,
          9518.002496000008,
          9516.749953000044,
          9780.87730699997,
          9780.972650999956,
          10102.792893000014,
          9805.001930999992,
          10102.443869000013,
          10102.113068999985,
          10101.651083999968,
          9981.472482999947,
          9694.607357999985,
          9980.783825000002,
          9980.257022999922,
          9981.119040999944
        ]
      },
      "throughput_over_time": null,
      "requests_throughput_over_time": null
    }
  ]
}