{
  "version": "0.3.7",
  "timestamp": "2026-05-03 18:02:21Z",
  "latency_mode": "api",
  "latency_ms": 11.493699333186669,
  "model": "qwen35-27b",
  "prefix_caching_enabled": true,
  "max_concurrency": 1,
  "benchmarks": [
    {
      "concurrency": 1,
      "context_size": 32768,
      "prompt_size": 2048,
      "response_size": 128,
      "is_context_prefill_phase": true,
      "pp_throughput": {
        "mean": 747.8619272402135,
        "std": 26.743454419554467,
        "values": [
          710.0543257833515,
          767.6360643952594,
          765.8953915420298
        ]
      },
      "pp_req_throughput": {
        "mean": 747.8619272402135,
        "std": 26.743454419554467,
        "values": [
          710.0543257833515,
          767.6360643952594,
          765.8953915420298
        ]
      },
      "tg_throughput": {
        "mean": 16.501985379787133,
        "std": 1.3026938715451344,
        "values": [
          15.481248280544973,
          18.340543981740673,
          15.684163877075754
        ]
      },
      "tg_req_throughput": {
        "mean": 16.501985379787133,
        "std": 1.3026938715451344,
        "values": [
          15.481248280544973,
          18.340543981740673,
          15.684163877075754
        ]
      },
      "peak_throughput": {
        "mean": 30.666666666666668,
        "std": 0.4714045207910317,
        "values": [
          30.0,
          31.0,
          31.0
        ]
      },
      "peak_req_throughput": {
        "mean": 30.666666666666668,
        "std": 0.4714045207910317,
        "values": [
          30.0,
          31.0,
          31.0
        ]
      },
      "ttfr": {
        "mean": 43885.4922056665,
        "std": 1608.860751138604,
        "values": [
          46160.07530800016,
          42699.691296999845,
          42796.710011999494
        ]
      },
      "est_ppt": {
        "mean": 43873.998506333315,
        "std": 1608.860751138604,
        "values": [
          46148.58160866697,
          42688.19759766666,
          42785.21631266631
        ]
      },
      "e2e_ttft": {
        "mean": 43899.4802553334,
        "std": 1616.6073701251862,
        "values": [
          46184.99244300074,
          42707.1801029997,
          42806.268219999765
        ]
      },
      "throughput_over_time": null,
      "requests_throughput_over_time": null
    },
    {
      "concurrency": 1,
      "context_size": 32768,
      "prompt_size": 2048,
      "response_size": 128,
      "is_context_prefill_phase": false,
      "pp_throughput": {
        "mean": 79.1724469336589,
        "std": 3.3408320898858928,
        "values": [
          75.72583678788637,
          78.09710993287617,
          83.69439408021418
        ]
      },
      "pp_req_throughput": {
        "mean": 79.1724469336589,
        "std": 3.3408320898858928,
        "values": [
          75.72583678788637,
          78.09710993287617,
          83.69439408021418
        ]
      },
      "tg_throughput": {
        "mean": 19.538700508220288,
        "std": 0.7095987163663262,
        "values": [
          20.540615358560142,
          19.0869414763621,
          18.98854468973862
        ]
      },
      "tg_req_throughput": {
        "mean": 19.538700508220288,
        "std": 0.7095987163663262,
        "values": [
          20.540615358560142,
          19.0869414763621,
          18.98854468973862
        ]
      },
      "peak_throughput": {
        "mean": 40.0,
        "std": 8.286535263104035,
        "values": [
          38.0,
          51.0,
          31.0
        ]
      },
      "peak_req_throughput": {
        "mean": 40.0,
        "std": 8.286535263104035,
        "values": [
          38.0,
          51.0,
          31.0
        ]
      },
      "ttfr": {
        "mean": 25924.38386766662,
        "std": 1073.9570955260774,
        "values": [
          27056.424291999974,
          26235.255394999513,
          24481.471916000373
        ]
      },
      "est_ppt": {
        "mean": 25912.890168333433,
        "std": 1073.9570955260774,
        "values": [
          27044.930592666788,
          26223.761695666326,
          24469.978216667187
        ]
      },
      "e2e_ttft": {
        "mean": 26150.428443666595,
        "std": 1205.9283235168864,
        "values": [
          27306.354119999924,
          26658.40830900015,
          24486.522901999706
        ]
      },
      "throughput_over_time": null,
      "requests_throughput_over_time": null
    }
  ]
}