{
  "version": "0.3.7",
  "timestamp": "2026-05-03 17:17:42Z",
  "latency_mode": "api",
  "latency_ms": 27.078074333379238,
  "model": "qwen35-27b",
  "prefix_caching_enabled": true,
  "max_concurrency": 1,
  "benchmarks": [
    {
      "concurrency": 1,
      "context_size": 16384,
      "prompt_size": 2048,
      "response_size": 128,
      "is_context_prefill_phase": true,
      "pp_throughput": {
        "mean": 730.0378394368626,
        "std": 59.858693531301085,
        "values": [
          725.7016706485268,
          658.9905359874176,
          805.4213116746431
        ]
      },
      "pp_req_throughput": {
        "mean": 730.0378394368626,
        "std": 59.858693531301085,
        "values": [
          725.7016706485268,
          658.9905359874176,
          805.4213116746431
        ]
      },
      "tg_throughput": {
        "mean": 24.382278805236755,
        "std": 5.170764045246101,
        "values": [
          23.79747149665579,
          30.98726525314567,
          18.36209966590881
        ]
      },
      "tg_req_throughput": {
        "mean": 24.382278805236755,
        "std": 5.170764045246101,
        "values": [
          23.79747149665579,
          30.98726525314567,
          18.36209966590881
        ]
      },
      "peak_throughput": {
        "mean": 44.333333333333336,
        "std": 13.123346456686352,
        "values": [
          51.0,
          56.0,
          26.0
        ]
      },
      "peak_req_throughput": {
        "mean": 44.333333333333336,
        "std": 13.123346456686352,
        "values": [
          51.0,
          56.0,
          26.0
        ]
      },
      "ttfr": {
        "mean": 22622.186430666716,
        "std": 1845.4830419073292,
        "values": [
          22605.226454999865,
          24890.864586000134,
          20370.468251000148
        ]
      },
      "est_ppt": {
        "mean": 22595.108356333338,
        "std": 1845.4830419073292,
        "values": [
          22578.148380666487,
          24863.786511666756,
          20343.39017666677
        ]
      },
      "e2e_ttft": {
        "mean": 22687.074995333358,
        "std": 1845.4845502579674,
        "values": [
          22796.049068999764,
          24890.864586000134,
          20374.31133100017
        ]
      },
      "throughput_over_time": null,
      "requests_throughput_over_time": null
    },
    {
      "concurrency": 1,
      "context_size": 16384,
      "prompt_size": 2048,
      "response_size": 128,
      "is_context_prefill_phase": false,
      "pp_throughput": {
        "mean": 88.58388907375517,
        "std": 3.067014363634699,
        "values": [
          91.98508009270905,
          89.2143427700122,
          84.55224435854427
        ]
      },
      "pp_req_throughput": {
        "mean": 88.58388907375517,
        "std": 3.067014363634699,
        "values": [
          91.98508009270905,
          89.2143427700122,
          84.55224435854427
        ]
      },
      "tg_throughput": {
        "mean": 20.249714302855256,
        "std": 2.1018532590238497,
        "values": [
          18.679888235864702,
          18.848668674058064,
          23.220585998643006
        ]
      },
      "tg_req_throughput": {
        "mean": 20.249714302855256,
        "std": 2.1018532590238497,
        "values": [
          18.679888235864702,
          18.848668674058064,
          23.220585998643006
        ]
      },
      "peak_throughput": {
        "mean": 35.0,
        "std": 3.7416573867739413,
        "values": [
          39.0,
          30.0,
          36.0
        ]
      },
      "peak_req_throughput": {
        "mean": 35.0,
        "std": 3.7416573867739413,
        "values": [
          39.0,
          30.0,
          36.0
        ]
      },
      "ttfr": {
        "mean": 23174.458417333273,
        "std": 810.4204186462276,
        "values": [
          22291.558335000445,
          22983.028164999723,
          24248.788751999655
        ]
      },
      "est_ppt": {
        "mean": 23147.380342999895,
        "std": 810.4204186462276,
        "values": [
          22264.480260667067,
          22955.950090666345,
          24221.710677666277
        ]
      },
      "e2e_ttft": {
        "mean": 23186.002023666635,
        "std": 812.534721523095,
        "values": [
          22301.140135000423,
          22993.544324999675,
          24263.32161099981
        ]
      },
      "throughput_over_time": null,
      "requests_throughput_over_time": null
    }
  ]
}