{
  "version": "0.3.7",
  "timestamp": "2026-05-03 16:34:21Z",
  "latency_mode": "api",
  "latency_ms": 6.025415666651194,
  "model": "qwen35-27b",
  "prefix_caching_enabled": true,
  "max_concurrency": 1,
  "benchmarks": [
    {
      "concurrency": 1,
      "context_size": 4096,
      "prompt_size": 2048,
      "response_size": 128,
      "is_context_prefill_phase": true,
      "pp_throughput": {
        "mean": 1399.189462000121,
        "std": 23.791259791734564,
        "values": [
          1365.8691015191494,
          1419.8933097319182,
          1411.8059747492953
        ]
      },
      "pp_req_throughput": {
        "mean": 1399.189462000121,
        "std": 23.791259791734564,
        "values": [
          1365.8691015191494,
          1419.8933097319182,
          1411.8059747492953
        ]
      },
      "tg_throughput": {
        "mean": 22.31139690793339,
        "std": 0.5130373989783125,
        "values": [
          22.294536441231088,
          22.947997383036395,
          21.691656899532685
        ]
      },
      "tg_req_throughput": {
        "mean": 22.31139690793339,
        "std": 0.5130373989783125,
        "values": [
          22.294536441231088,
          22.947997383036395,
          21.691656899532685
        ]
      },
      "peak_throughput": {
        "mean": 33.666666666666664,
        "std": 1.699673171197595,
        "values": [
          33.0,
          32.0,
          36.0
        ]
      },
      "peak_req_throughput": {
        "mean": 33.666666666666664,
        "std": 1.699673171197595,
        "values": [
          33.0,
          32.0,
          36.0
        ]
      },
      "ttfr": {
        "mean": 2935.0055053333413,
        "std": 50.358401400988654,
        "values": [
          3005.5807869999853,
          2891.4534770000273,
          2907.9822520000107
        ]
      },
      "est_ppt": {
        "mean": 2928.9800896666898,
        "std": 50.358401400988654,
        "values": [
          2999.5553713333343,
          2885.4280613333763,
          2901.9568363333597
        ]
      },
      "e2e_ttft": {
        "mean": 2935.0055053333413,
        "std": 50.358401400988654,
        "values": [
          3005.5807869999853,
          2891.4534770000273,
          2907.9822520000107
        ]
      },
      "throughput_over_time": null,
      "requests_throughput_over_time": null
    },
    {
      "concurrency": 1,
      "context_size": 4096,
      "prompt_size": 2048,
      "response_size": 128,
      "is_context_prefill_phase": false,
      "pp_throughput": {
        "mean": 289.2532096623409,
        "std": 1.1082140771965656,
        "values": [
          287.69400625000975,
          290.1701838569316,
          289.8954388800814
        ]
      },
      "pp_req_throughput": {
        "mean": 289.2532096623409,
        "std": 1.1082140771965656,
        "values": [
          287.69400625000975,
          290.1701838569316,
          289.8954388800814
        ]
      },
      "tg_throughput": {
        "mean": 24.591661159453874,
        "std": 4.405042656607888,
        "values": [
          24.33962558197221,
          19.327042644328042,
          30.108315252061367
        ]
      },
      "tg_req_throughput": {
        "mean": 24.591661159453874,
        "std": 4.405042656607888,
        "values": [
          24.33962558197221,
          19.327042644328042,
          30.108315252061367
        ]
      },
      "peak_throughput": {
        "mean": 37.666666666666664,
        "std": 4.921607686744467,
        "values": [
          37.0,
          32.0,
          44.0
        ]
      },
      "peak_req_throughput": {
        "mean": 37.666666666666664,
        "std": 4.921607686744467,
        "values": [
          37.0,
          32.0,
          44.0
        ]
      },
      "ttfr": {
        "mean": 7086.431344333353,
        "std": 27.197442805352335,
        "values": [
          7124.699964000001,
          7063.952501000017,
          7070.641568000042
        ]
      },
      "est_ppt": {
        "mean": 7080.4059286667025,
        "std": 27.197442805352335,
        "values": [
          7118.67454833335,
          7057.9270853333655,
          7064.61615233339
        ]
      },
      "e2e_ttft": {
        "mean": 7086.431344333353,
        "std": 27.197442805352335,
        "values": [
          7124.699964000001,
          7063.952501000017,
          7070.641568000042
        ]
      },
      "throughput_over_time": null,
      "requests_throughput_over_time": null
    }
  ]
}