{
  "version": "0.3.7",
  "timestamp": "2026-05-03 19:36:37Z",
  "latency_mode": "api",
  "latency_ms": 9.992130333557725,
  "model": "qwen35-27b",
  "prefix_caching_enabled": true,
  "max_concurrency": 2,
  "benchmarks": [
    {
      "concurrency": 2,
      "context_size": 65535,
      "prompt_size": 2048,
      "response_size": 128,
      "is_context_prefill_phase": true,
      "pp_throughput": {
        "mean": 708.7208738294754,
        "std": 1.0639530194212012,
        "values": [
          707.2178722788343,
          709.5334793949606,
          709.4112698146313
        ]
      },
      "pp_req_throughput": {
        "mean": 388.6031979474761,
        "std": 34.21908345335213,
        "values": [
          423.55109338970345,
          353.63242683087964,
          354.80726998821825,
          422.46213242483384,
          354.7248188479998,
          422.4414462032214
        ]
      },
      "tg_throughput": {
        "mean": 5.637516741002792,
        "std": 0.17834137936451866,
        "values": [
          5.386057563919471,
          5.780118883764034,
          5.746373775324874
        ]
      },
      "tg_req_throughput": {
        "mean": 5.677152841851463,
        "std": 2.7834661441399935,
        "values": [
          2.913251305287376,
          7.667877191862816,
          8.948489799920427,
          2.890056178776656,
          8.6827986629161,
          2.960443912345397
        ]
      },
      "peak_throughput": {
        "mean": 32.0,
        "std": 3.559026084010437,
        "values": [
          27.0,
          35.0,
          34.0
        ]
      },
      "peak_req_throughput": {
        "mean": 17.5,
        "std": 3.0413812651491097,
        "values": [
          16.0,
          13.0,
          19.0,
          17.0,
          17.0,
          23.0
        ]
      },
      "ttfr": {
        "mean": 169973.39840300023,
        "std": 14967.045391796162,
        "values": [
          154739.84886499966,
          185335.191483,
          184718.7214700007,
          155138.68881100096,
          184761.65459599905,
          155146.28519300095
        ]
      },
      "est_ppt": {
        "mean": 169963.40627266667,
        "std": 14967.045391796162,
        "values": [
          154729.8567346661,
          185325.19935266644,
          184708.72933966713,
          155128.6966806674,
          184751.6624656655,
          155136.2930626674
        ]
      },
      "e2e_ttft": {
        "mean": 169975.250053,
        "std": 14968.870072855632,
        "values": [
          154739.84886499966,
          185335.191483,
          184729.8313699994,
          155138.68881100096,
          184761.65459599905,
          155146.28519300095
        ]
      },
      "throughput_over_time": null,
      "requests_throughput_over_time": null
    },
    {
      "concurrency": 2,
      "context_size": 65535,
      "prompt_size": 2048,
      "response_size": 128,
      "is_context_prefill_phase": false,
      "pp_throughput": {
        "mean": 160.893454125479,
        "std": 2.7359455723498622,
        "values": [
          164.57852378890445,
          160.07233666392764,
          158.02950192360493
        ]
      },
      "pp_req_throughput": {
        "mean": 81.12535558065194,
        "std": 1.4766639673340456,
        "values": [
          82.32231321910771,
          83.57295939856272,
          81.16536296111828,
          80.17466372862016,
          79.0452237327007,
          80.47161044380204
        ]
      },
      "tg_throughput": {
        "mean": 18.610410572286046,
        "std": 0.854772072810723,
        "values": [
          17.4135010329611,
          19.06220719969103,
          19.35552348420601
        ]
      },
      "tg_req_throughput": {
        "mean": 9.604895501963545,
        "std": 0.5281286190727248,
        "values": [
          8.926758714153959,
          9.127055027695425,
          9.531072493379062,
          9.790336046676837,
          9.679785550019057,
          10.574365179856933
        ]
      },
      "peak_throughput": {
        "mean": 42.0,
        "std": 10.708252269472673,
        "values": [
          30.0,
          40.0,
          56.0
        ]
      },
      "peak_req_throughput": {
        "mean": 22.833333333333332,
        "std": 3.7155828016013257,
        "values": [
          19.0,
          21.0,
          20.0,
          21.0,
          28.0,
          28.0
        ]
      },
      "ttfr": {
        "mean": 25263.19433816722,
        "std": 457.1869936463606,
        "values": [
          24887.815893000152,
          24515.526154000327,
          25242.430270000114,
          25554.22150100094,
          25919.21097100021,
          25459.961240001576
        ]
      },
      "est_ppt": {
        "mean": 25253.202207833663,
        "std": 457.1869936463606,
        "values": [
          24877.823762666594,
          24505.53402366677,
          25232.438139666556,
          25544.22937066738,
          25909.218840666654,
          25449.969109668018
        ]
      },
      "e2e_ttft": {
        "mean": 25332.845984000414,
        "std": 510.57514932895464,
        "values": [
          24887.815893000152,
          24515.526154000327,
          25242.430270000114,
          25554.22150100094,
          25919.21097100021,
          25877.871115000744
        ]
      },
      "throughput_over_time": null,
      "requests_throughput_over_time": null
    }
  ]
}