{
  "version": "0.3.7",
  "timestamp": "2026-05-03 17:33:02Z",
  "latency_mode": "api",
  "latency_ms": 15.257044000160628,
  "model": "qwen35-27b",
  "prefix_caching_enabled": true,
  "max_concurrency": 5,
  "benchmarks": [
    {
      "concurrency": 5,
      "context_size": 16384,
      "prompt_size": 2048,
      "response_size": 128,
      "is_context_prefill_phase": true,
      "pp_throughput": {
        "mean": 784.8193992826964,
        "std": 11.109914971702423,
        "values": [
          769.4954395724083,
          795.4859606587491,
          789.4767976169318
        ]
      },
      "pp_req_throughput": {
        "mean": 187.25129493508763,
        "std": 44.00674955905655,
        "values": [
          198.02213628376245,
          259.3821911086118,
          156.07874380841912,
          156.07324915133697,
          153.93051541146806,
          275.4093733704437,
          161.36372568571258,
          206.67124775604273,
          159.1421619055691,
          161.3682490359612,
          164.9585730201921,
          275.065527236769,
          158.3859454068781,
          164.97654319463123,
          157.94124165051676
        ]
      },
      "tg_throughput": {
        "mean": 11.768276882203923,
        "std": 0.1834903406865203,
        "values": [
          11.71116504855038,
          12.016051266615957,
          11.577614331445433
        ]
      },
      "tg_req_throughput": {
        "mean": 8.86284857619542,
        "std": 4.289736740999651,
        "values": [
          3.877204054146246,
          2.5744818292961327,
          11.855017286534647,
          12.079816766460523,
          11.437596704644,
          2.4365167959433727,
          12.632182914596424,
          4.125718413028449,
          14.684058621402718,
          11.786441911165644,
          9.265152891508919,
          2.406711848676525,
          12.612184541094754,
          9.264829135928514,
          11.904814928504441
        ]
      },
      "peak_throughput": {
        "mean": 77.0,
        "std": 6.377042156569663,
        "values": [
          73.0,
          86.0,
          72.0
        ]
      },
      "peak_req_throughput": {
        "mean": 21.933333333333334,
        "std": 3.3559234529741917,
        "values": [
          17.0,
          24.0,
          19.0,
          27.0,
          25.0,
          21.0,
          25.0,
          26.0,
          25.0,
          20.0,
          19.0,
          19.0,
          22.0,
          16.0,
          24.0
        ]
      },
      "ttfr": {
        "mean": 91515.86230219998,
        "std": 17140.716846474406,
        "values": [
          82758.53164699992,
          63184.59002700001,
          104994.31825500005,
          104998.014109,
          106459.38838599977,
          59508.51175599973,
          101556.04590700023,
          79290.91913000002,
          102973.5165259999,
          101547.00258799994,
          99349.28800699982,
          59582.88140100012,
          103446.151483,
          99332.40651699998,
          103756.36879400008
        ]
      },
      "est_ppt": {
        "mean": 91500.6052581998,
        "std": 17140.716846474403,
        "values": [
          82743.27460299977,
          63169.332982999855,
          104979.06121099989,
          104982.75706499984,
          106444.13134199961,
          59493.25471199957,
          101540.78886300007,
          79275.66208599985,
          102958.25948199975,
          101531.74554399977,
          99334.03096299965,
          59567.624356999964,
          103430.89443899984,
          99317.14947299982,
          103741.11174999992
        ]
      },
      "e2e_ttft": {
        "mean": 91533.89777080002,
        "std": 17126.72603575294,
        "values": [
          82758.53164699992,
          63347.06388399991,
          105017.44853799982,
          104998.014109,
          106463.2325130001,
          59508.51175599973,
          101569.49034800027,
          79295.9475370003,
          102973.5165259999,
          101567.68306999993,
          99365.35656100023,
          59582.88140100012,
          103450.39562799956,
          99354.0242500003,
          103756.36879400008
        ]
      },
      "throughput_over_time": null,
      "requests_throughput_over_time": null
    },
    {
      "concurrency": 5,
      "context_size": 16384,
      "prompt_size": 2048,
      "response_size": 128,
      "is_context_prefill_phase": false,
      "pp_throughput": {
        "mean": 132.09074646415604,
        "std": 12.667165224653711,
        "values": [
          121.81582210507436,
          124.51974456244865,
          149.93667272494514
        ]
      },
      "pp_req_throughput": {
        "mean": 26.73389750976398,
        "std": 2.573748892897931,
        "values": [
          24.85438072369303,
          24.372320885791673,
          24.846672324598558,
          24.727990558657385,
          24.72753891369709,
          25.964348796673146,
          25.026099766798588,
          24.92640211888608,
          24.925434633371562,
          24.919216797205355,
          29.994035137491746,
          30.43420982018455,
          30.431397715296217,
          30.42875497956755,
          30.429659474547197
        ]
      },
      "tg_throughput": {
        "mean": 47.262702082497434,
        "std": 4.003041670351117,
        "values": [
          46.30869249111359,
          42.907118214076505,
          52.572295542302186
        ]
      },
      "tg_req_throughput": {
        "mean": 11.26211559389773,
        "std": 0.9084960109492601,
        "values": [
          9.261198742389727,
          12.118077522976918,
          11.821626250558221,
          10.93673302943762,
          10.89570923016299,
          9.334019497734538,
          12.242275874581434,
          11.848103405770194,
          11.056339122405292,
          12.082218365768664,
          11.42789672760591,
          11.249902193837979,
          11.024776073284084,
          12.389099969095279,
          11.243757902857135
        ]
      },
      "peak_throughput": {
        "mean": 77.66666666666667,
        "std": 7.760297817881877,
        "values": [
          68.0,
          87.0,
          78.0
        ]
      },
      "peak_req_throughput": {
        "mean": 22.533333333333335,
        "std": 1.9955506062794355,
        "values": [
          18.0,
          22.0,
          22.0,
          21.0,
          26.0,
          24.0,
          23.0,
          25.0,
          22.0,
          23.0,
          21.0,
          21.0,
          24.0,
          25.0,
          21.0
        ]
      },
      "ttfr": {
        "mean": 77295.44572559983,
        "std": 6995.9328367113385,
        "values": [
          82415.21795100016,
          84045.00577399995,
          82440.78160699974,
          82836.3821629996,
          82837.89487900003,
          78892.6444969993,
          81849.82252099962,
          82177.13464799999,
          82180.32377700001,
          82200.8255820001,
          68295.49978599971,
          67307.95207699976,
          67314.17046099977,
          67320.015368,
          67318.01479299975
        ]
      },
      "est_ppt": {
        "mean": 77280.18868159967,
        "std": 6995.9328367113385,
        "values": [
          82399.960907,
          84029.74872999979,
          82425.52456299958,
          82821.12511899944,
          82822.63783499987,
          78877.38745299914,
          81834.56547699946,
          82161.87760399983,
          82165.06673299985,
          82185.56853799995,
          68280.24274199955,
          67292.69503299959,
          67298.91341699961,
          67304.75832399982,
          67302.75774899959
        ]
      },
      "e2e_ttft": {
        "mean": 77306.7895971332,
        "std": 7000.467168918185,