{
  "version": "0.3.7",
  "timestamp": "2026-05-03 22:14:25Z",
  "latency_mode": "api",
  "latency_ms": 11.943899666221114,
  "model": "qwen35-27b",
  "prefix_caching_enabled": true,
  "max_concurrency": 1,
  "benchmarks": [
    {
      "concurrency": 1,
      "context_size": 100000,
      "prompt_size": 2048,
      "response_size": 128,
      "is_context_prefill_phase": true,
      "pp_throughput": {
        "mean": 654.3639262795054,
        "std": 6.162292786951984,
        "values": [
          648.5983519018469,
          651.5872618464948,
          662.9061650901746
        ]
      },
      "pp_req_throughput": {
        "mean": 654.3639262795054,
        "std": 6.162292786951984,
        "values": [
          648.5983519018469,
          651.5872618464948,
          662.9061650901746
        ]
      },
      "tg_throughput": {
        "mean": 8.112834841481986,
        "std": 1.1939196238302654,
        "values": [
          6.923504316618342,
          9.745423886867632,
          7.669576320959979
        ]
      },
      "tg_req_throughput": {
        "mean": 8.112834841481986,
        "std": 1.1939196238302654,
        "values": [
          6.923504316618342,
          9.745423886867632,
          7.669576320959979
        ]
      },
      "peak_throughput": {
        "mean": 25.666666666666668,
        "std": 4.109609335312651,
        "values": [
          25.0,
          31.0,
          21.0
        ]
      },
      "peak_req_throughput": {
        "mean": 25.666666666666668,
        "std": 4.109609335312651,
        "values": [
          25.0,
          31.0,
          21.0
        ]
      },
      "ttfr": {
        "mean": 152847.6238660005,
        "std": 1431.6640068696406,
        "values": [
          154192.1074890015,
          153486.3990579979,
          150864.3650510021
        ]
      },
      "est_ppt": {
        "mean": 152835.67996633428,
        "std": 1431.6640068696406,
        "values": [
          154180.16358933528,
          153474.4551583317,
          150852.42115133588
        ]
      },
      "e2e_ttft": {
        "mean": 152847.6238660005,
        "std": 1431.6640068696406,
        "values": [
          154192.1074890015,
          153486.3990579979,
          150864.3650510021
        ]
      },
      "throughput_over_time": null,
      "requests_throughput_over_time": null
    },
    {
      "concurrency": 1,
      "context_size": 100000,
      "prompt_size": 2048,
      "response_size": 128,
      "is_context_prefill_phase": false,
      "pp_throughput": {
        "mean": 103.814952895135,
        "std": 1.568224839942606,
        "values": [
          105.17800471858506,
          104.6485378763355,
          101.61831609048443
        ]
      },
      "pp_req_throughput": {
        "mean": 103.814952895135,
        "std": 1.568224839942606,
        "values": [
          105.17800471858506,
          104.6485378763355,
          101.61831609048443
        ]
      },
      "tg_throughput": {
        "mean": 8.64701328410399,
        "std": 0.22409869611774988,
        "values": [
          8.488874491585436,
          8.96393648026584,
          8.48822888046069
        ]
      },
      "tg_req_throughput": {
        "mean": 8.64701328410399,
        "std": 0.22409869611774988,
        "values": [
          8.488874491585436,
          8.96393648026584,
          8.48822888046069
        ]
      },
      "peak_throughput": {
        "mean": 18.666666666666668,
        "std": 0.9428090415820634,
        "values": [
          18.0,
          20.0,
          18.0
        ]
      },
      "peak_req_throughput": {
        "mean": 18.666666666666668,
        "std": 0.9428090415820634,
        "values": [
          18.0,
          20.0,
          18.0
        ]
      },
      "ttfr": {
        "mean": 19743.89972433346,
        "std": 301.0210938181585,
        "values": [
          19483.695674000046,
          19582.21254900127,
          20165.790949999064
        ]
      },
      "est_ppt": {
        "mean": 19731.95582466724,
        "std": 301.0210938181585,
        "values": [
          19471.751774333825,
          19570.26864933505,
          20153.847050332843
        ]
      },
      "e2e_ttft": {
        "mean": 19743.89972433346,
        "std": 301.0210938181585,
        "values": [
          19483.695674000046,
          19582.21254900127,
          20165.790949999064
        ]
      },
      "throughput_over_time": null,
      "requests_throughput_over_time": null
    }
  ]
}