{
  "version": "0.3.7",
  "timestamp": "2026-05-03 16:40:19Z",
  "latency_mode": "api",
  "latency_ms": 1.9141809999988861,
  "model": "qwen35-27b",
  "prefix_caching_enabled": true,
  "max_concurrency": 5,
  "benchmarks": [
    {
      "concurrency": 5,
      "context_size": 4096,
      "prompt_size": 2048,
      "response_size": 128,
      "is_context_prefill_phase": true,
      "pp_throughput": {
        "mean": 836.1783560186004,
        "std": 3.6103015079606036,
        "values": [
          833.7588996711763,
          841.2818084641062,
          833.4943599205187
        ]
      },
      "pp_req_throughput": {
        "mean": 167.80180600811298,
        "std": 1.1066225571811577,
        "values": [
          168.63359879393184,
          168.68334328388704,
          166.7766959737308,
          166.78023398508458,
          166.7851941844575,
          170.4843447272566,
          168.24592801860254,
          168.30929872706477,
          168.31666128510918,
          168.32572611522306,
          168.77997112139508,
          166.72118861216677,
          166.7359193746896,
          166.7274903432251,
          166.72149557586977
        ]
      },
      "tg_throughput": {
        "mean": 65.71472856009723,
        "std": 2.907421487322878,
        "values": [
          69.04191473886931,
          61.95900171393052,
          66.14326922749186
        ]
      },
      "tg_req_throughput": {
        "mean": 15.584860562089501,
        "std": 1.8790463414739038,
        "values": [
          15.031435732732403,
          14.071401300815571,
          15.540859682462294,
          14.238442534775373,
          16.48810030237468,
          19.69247461617138,
          17.395546007253675,
          13.72146791967324,
          12.786865751634155,
          16.42267005541974,
          18.900097689217834,
          15.766812339523074,
          14.700320426449682,
          13.654953753336915,
          15.361460319502529
        ]
      },
      "peak_throughput": {
        "mean": 124.0,
        "std": 2.943920288775949,
        "values": [
          128.0,
          123.0,
          121.0
        ]
      },
      "peak_req_throughput": {
        "mean": 29.133333333333333,
        "std": 2.0612833111653743,
        "values": [
          31.0,
          28.0,
          29.0,
          30.0,
          31.0,
          27.0,
          31.0,
          30.0,
          25.0,
          29.0,
          29.0,
          29.0,
          31.0,
          25.0,
          32.0
        ]
      },
      "ttfr": {
        "mean": 24417.497411533317,
        "std": 161.73083124965123,
        "values": [
          24291.26119900002,
          24290.026571,
          24567.696445000023,
          24567.175315999975,
          24566.444744000022,
          24027.58062299995,
          24347.228497000062,
          24344.00360199993,
          24342.93882299994,
          24341.62798800003,
          24276.12143900001,
          24575.875259999975,
          24573.704203000034,
          24574.94644799999,
          24575.83001499984
        ]
      },
      "est_ppt": {
        "mean": 24415.583230533317,
        "std": 161.73083124965123,
        "values": [
          24289.34701800002,
          24288.11239,
          24565.782264000023,
          24565.261134999975,
          24564.530563000022,
          24025.66644199995,
          24345.31431600006,
          24342.08942099993,
          24341.024641999942,
          24339.71380700003,
          24274.20725800001,
          24573.961078999975,
          24571.790022000034,
          24573.03226699999,
          24573.91583399984
        ]
      },
      "e2e_ttft": {
        "mean": 24417.497411533317,
        "std": 161.73083124965123,
        "values": [
          24291.26119900002,
          24290.026571,
          24567.696445000023,
          24567.175315999975,
          24566.444744000022,
          24027.58062299995,
          24347.228497000062,
          24344.00360199993,
          24342.93882299994,
          24341.62798800003,
          24276.12143900001,
          24575.875259999975,
          24573.704203000034,
          24574.94644799999,
          24575.83001499984
        ]
      },
      "throughput_over_time": null,
      "requests_throughput_over_time": null
    },
    {
      "concurrency": 5,
      "context_size": 4096,
      "prompt_size": 2048,
      "response_size": 128,
      "is_context_prefill_phase": false,
      "pp_throughput": {
        "mean": 275.00116960625866,
        "std": 4.119581244432137,
        "values": [
          270.3136154737417,
          280.3410360629156,
          274.3488572821188
        ]
      },
      "pp_req_throughput": {
        "mean": 55.73251019101401,
        "std": 1.2610627827997885,
        "values": [
          56.68045180966195,
          54.440294161505186,
          54.4374904317802,
          54.07096946498034,
          54.06658660263706,
          57.66057301161759,
          56.07213281796811,
          57.67605409435864,
          56.45588346450416,
          56.45787563100593,
          55.26651661800583,
          55.283521546866446,
          54.89516657508158,
          57.62815287568379,
          54.89598375955317
        ]
      },
      "tg_throughput": {
        "mean": 61.95654648084851,
        "std": 2.932803207705723,
        "values": [
          58.075883072476806,
          65.1646875618285,
          62.629068808240234
        ]
      },
      "tg_req_throughput": {
        "mean": 15.410776831118094,
        "std": 1.7514367090231029,
        "values": [
          12.797624069618864,
          15.432003841806798,
          13.446498771951736,
          18.037907469281325,
          15.533211562087278,
          15.021523743468098,
          15.793640001280565,
          13.037131335440732,
          18.745304836191792,
          17.495134363435884,
          15.73305264084108,
          16.191378767988148,
          15.784143749757817,
          12.940225224143182,
          15.172872089478126
        ]
      },
      "peak_throughput": {
        "mean": 109.0,
        "std": 4.320493798938574,
        "values": [
          115.0,
          105.0,
          107.0
        ]
      },
      "peak_req_throughput": {
        "mean": 28.666666666666668,
        "std": 4.812021982031624,
        "values": [
          24.0,
          29.0,
          24.0,
          39.0,
          27.0,
          31.0,
          26.0,
          33.0,
          36.0,
          33.0,
          24.0,
          28.0,
          30.0,
          22.0,
          24.0
        ]
      },
      "ttfr": {
        "mean": 36767.58421413334,
        "std": 827.2750806050153,
        "values": [
          36134.30082600007,
          37621.10841100002,
          37623.04593700014,
          37878.06140499993,
          37881.13180300002,
          35520.118268000035,
          36526.29620599987,
          35510.58467100006,
          36278.02703800012,
          36276.74700299985,
          37058.709602999894,
          37047.31112200011,
          37309.38818599998,
          35540.099908000004,
          37308.83282500008
        ]
      },
      "est_ppt": {
        "mean": 36765.67003313335,
        "std": 827.2750806050153,
        "values": [
          36132.38664500007,
          37619.19423000002,
          37621.13175600015,
          37876.14722399993,
          37879.21762200002,
          35518.204087000035,
          36524.382024999875,
          35508.67049000006,
          36276.112857000124,
          36274.83282199986,
          37056.7954219999,
          37045.396941000115,
          37307.47400499998,
          35538.185727000004,
          37306.918644000085
        ]
      },
      "e2e_ttft": {
        "mean": 36767.58421413334,
        "std": 827.2750806050153,