{
  "version": "0.3.7",
  "timestamp": "2026-05-03 16:33:14Z",
  "latency_mode": "api",
  "latency_ms": 10.125350333320663,
  "model": "qwen35-27b",
  "prefix_caching_enabled": true,
  "max_concurrency": 10,
  "benchmarks": [
    {
      "concurrency": 10,
      "context_size": 0,
      "prompt_size": 2048,
      "response_size": 128,
      "is_context_prefill_phase": false,
      "pp_throughput": {
        "mean": 795.258569251794,
        "std": 3.9352077215691734,
        "values": [
          789.6980688654733,
          797.8402840371768,
          798.237354852732
        ]
      },
      "pp_req_throughput": {
        "mean": 79.6961374669398,
        "std": 0.5653041149511655,
        "values": [
          79.0107619949013,
          79.00939786500012,
          80.36184539604862,
          78.97350346420706,
          79.01358950319498,
          79.0125678858259,
          79.01231979723148,
          79.0179582293955,
          78.97789625295918,
          79.01625778466796,
          81.20042859232673,
          79.82147281112891,
          79.78463660839347,
          79.82225100842741,
          79.78147519029412,
          79.85918345362096,
          79.82119041214465,
          79.78337185008887,
          79.8230044959123,
          79.86261326527425,
          79.85645174885062,
          81.1770996240874,
          79.89655877602392,
          79.8637444393676,
          79.82017475069075,
          79.85746741870446,
          79.86187177444504,
          79.86040926263786,
          79.86286078739711,
          79.86175956494591
        ]
      },
      "tg_throughput": {
        "mean": 101.75196001117126,
        "std": 1.8266427865473451,
        "values": [
          103.69550012739569,
          99.30644483705767,
          102.25393506906045
        ]
      },
      "tg_req_throughput": {
        "mean": 12.387744465794222,
        "std": 1.5747216668642992,
        "values": [
          11.987029422543111,
          11.755341065847869,
          15.918328693819243,
          11.563777150611733,
          10.75173340519018,
          15.51181263342095,
          13.193888743866134,
          12.828489298282808,
          12.82886261382649,
          15.511091405293906,
          10.519318306676212,
          10.559378031787839,
          12.346079216378236,
          14.173042902352803,
          12.641554090594754,
          10.281555327978767,
          14.173555772555172,
          14.173150635517262,
          11.113074030002899,
          13.736695902261419,
          11.03343526830245,
          10.225271553430357,
          11.03370934946064,
          11.754834905927448,
          11.269269248396414,
          11.756937655970162,
          11.03243042725075,
          12.750114189947372,
          13.17773410497767,
          12.030838621355642
        ]
      },
      "peak_throughput": {
        "mean": 235.33333333333334,
        "std": 4.784233364802441,
        "values": [
          231.0,
          242.0,
          233.0
        ]
      },
      "peak_req_throughput": {
        "mean": 26.333333333333332,
        "std": 3.144660377352201,
        "values": [
          25.0,
          27.0,
          25.0,
          24.0,
          24.0,
          26.0,
          24.0,
          25.0,
          25.0,
          34.0,
          26.0,
          32.0,
          25.0,
          31.0,
          26.0,
          25.0,
          29.0,
          27.0,
          24.0,
          28.0,
          24.0,
          26.0,
          22.0,
          23.0,
          31.0,
          25.0,
          29.0,
          33.0,
          23.0,
          22.0
        ]
      },
      "ttfr": {
        "mean": 25720.30362076666,
        "std": 180.38745298001064,
        "values": [
          25943.301391999965,
          25943.749139000032,
          25507.29991000003,
          25942.873805999967,
          25942.37337100003,
          25942.70867,
          25942.790095000077,
          25940.93963499995,
          25941.43141400002,
          25941.49767099998,
          25243.982308,
          25679.90978099999,
          25679.227662000016,
          25679.65952299994,
          25680.244824999932,
          25680.31018499994,
          25680.00059799999,
          25679.63457899998,
          25679.417216000045,
          25679.207743000006,
          25668.665832999977,
          25251.23410499998,
          25668.30176499991,
          25666.322844999966,
          25667.79907,
          25668.339493999953,
          25666.92445199999,
          25667.394314000034,
          25666.606720999993,
          25666.960501000063
        ]
      },
      "est_ppt": {
        "mean": 25710.178270433345,
        "std": 180.38745298001066,
        "values": [
          25933.176041666644,
          25933.62378866671,
          25497.174559666706,
          25932.748455666646,
          25932.24802066671,
          25932.58331966668,
          25932.664744666756,
          25930.814284666627,
          25931.3060636667,
          25931.37232066666,
          25233.856957666678,
          25669.78443066667,
          25669.102311666695,
          25669.53417266662,
          25670.11947466661,
          25670.18483466662,
          25669.87524766667,
          25669.50922866666,
          25669.291865666724,
          25669.082392666685,
          25658.540482666656,
          25241.10875466666,
          25658.17641466659,
          25656.197494666645,
          25657.67371966668,
          25658.21414366663,
          25656.799101666667,
          25657.268963666713,
          25656.481370666672,
          25656.835150666742
        ]
      },
      "e2e_ttft": {
        "mean": 25720.30362076666,
        "std": 180.38745298001064,
        "values": [
          25943.301391999965,
          25943.749139000032,
          25507.29991000003,
          25942.873805999967,
          25942.37337100003,
          25942.70867,
          25942.790095000077,
          25940.93963499995,
          25941.43141400002,
          25941.49767099998,
          25243.982308,
          25679.90978099999,
          25679.227662000016,
          25679.65952299994,
          25680.244824999932,
          25680.31018499994,
          25680.00059799999,
          25679.63457899998,
          25679.417216000045,
          25679.207743000006,
          25668.665832999977,
          25251.23410499998,
          25668.30176499991,
          25666.322844999966,
          25667.79907,
          25668.339493999953,
          25666.92445199999,
          25667.394314000034,
          25666.606720999993,
          25666.960501000063
        ]
      },
      "throughput_over_time": null,
      "requests_throughput_over_time": null
    }
  ]
}