{
  "version": "0.3.7",
  "timestamp": "2026-05-03 18:09:49Z",
  "latency_mode": "api",
  "latency_ms": 17.458933333121724,
  "model": "qwen35-27b",
  "prefix_caching_enabled": true,
  "max_concurrency": 2,
  "benchmarks": [
    {
      "concurrency": 2,
      "context_size": 32768,
      "prompt_size": 2048,
      "response_size": 128,
      "is_context_prefill_phase": true,
      "pp_throughput": {
        "mean": 758.9149241738063,
        "std": 22.493663009921466,
        "values": [
          727.1669353863209,
          773.0579594784482,
          776.5198776566498
        ]
      },
      "pp_req_throughput": {
        "mean": 387.5258509390755,
        "std": 13.207337920031659,
        "values": [
          381.7855676147755,
          363.65598701956264,
          386.6304238075848,
          401.1800505293172,
          403.5231306724837,
          388.37994599072914
        ]
      },
      "tg_throughput": {
        "mean": 20.61028115151503,
        "std": 2.7516700505643223,
        "values": [
          19.526708255046533,
          24.388876898161552,
          17.91525830133701
        ]
      },
      "tg_req_throughput": {
        "mean": 13.094974806007057,
        "std": 2.1550367277590126,
        "values": [
          11.333528317317505,
          14.550045230746873,
          17.243883838158204,
          12.396751556003375,
          11.501933963750005,
          11.543705930066384
        ]
      },
      "peak_throughput": {
        "mean": 56.0,
        "std": 17.90716802475106,
        "values": [
          81.0,
          47.0,
          40.0
        ]
      },
      "peak_req_throughput": {
        "mean": 31.166666666666668,
        "std": 7.425556469981821,
        "values": [
          39.0,
          43.0,
          28.0,
          24.0,
          30.0,
          23.0
        ]
      },
      "ttfr": {
        "mean": 84677.63499133344,
        "std": 2942.6402788298924,
        "values": [
          85848.36187899964,
          90127.34621600066,
          84772.8169760003,
          81698.9881039999,
          81224.699632,
          84393.5971410001
        ]
      },
      "est_ppt": {
        "mean": 84660.17605800032,
        "std": 2942.6402788298924,
        "values": [
          85830.90294566652,
          90109.88728266754,
          84755.35804266717,
          81681.52917066679,
          81207.2406986669,
          84376.13820766698
        ]
      },
      "e2e_ttft": {
        "mean": 84683.85146683341,
        "std": 2938.1259713399263,
        "values": [
          85848.36187899964,
          90127.34621600066,
          84777.60198499981,
          81725.38363600051,
          81224.699632,
          84399.71545299978
        ]
      },
      "throughput_over_time": null,
      "requests_throughput_over_time": null
    },
    {
      "concurrency": 2,
      "context_size": 32768,
      "prompt_size": 2048,
      "response_size": 128,
      "is_context_prefill_phase": false,
      "pp_throughput": {
        "mean": 118.9303010341935,
        "std": 3.842515367362355,
        "values": [
          115.22700402560923,
          117.33788508318258,
          124.22601399378868
        ]
      },
      "pp_req_throughput": {
        "mean": 59.588415662726995,
        "std": 1.8743470148202754,
        "values": [
          57.75968141129401,
          57.81100914458526,
          58.776517839390586,
          58.83862488268569,
          62.19494666354543,
          62.149714034861
        ]
      },
      "tg_throughput": {
        "mean": 28.714364942775024,
        "std": 5.100249527358359,
        "values": [
          24.09283371541245,
          35.82095214382413,
          26.229308969088493
        ]
      },
      "tg_req_throughput": {
        "mean": 16.277577279838358,
        "std": 3.5150438035293483,
        "values": [
          12.102105237763922,
          14.19606615350444,
          22.335508806145658,
          18.02841396346779,
          13.114431062516415,
          17.888938455631898
        ]
      },
      "peak_throughput": {
        "mean": 62.333333333333336,
        "std": 6.548960901462833,
        "values": [
          63.0,
          70.0,
          54.0
        ]
      },
      "peak_req_throughput": {
        "mean": 31.5,
        "std": 3.8622100754188224,
        "values": [
          32.0,
          31.0,
          33.0,
          38.0,
          25.0,
          30.0
        ]
      },
      "ttfr": {
        "mean": 34420.01869416663,
        "std": 1063.9600584626808,
        "values": [
          35474.71821799991,
          35443.237350000345,
          34861.30602199955,
          34824.526639000396,
          32946.17918899985,
          32970.14474699972
        ]
      },
      "est_ppt": {
        "mean": 34402.55976083351,
        "std": 1063.9600584626808,
        "values": [
          35457.25928466678,
          35425.77841666722,
          34843.84708866643,
          34807.06770566727,
          32928.720255666725,
          32952.6858136666
        ]
      },
      "e2e_ttft": {
        "mean": 34444.585726333265,
        "std": 1081.1140854141079,
        "values": [
          35547.22293299983,
          35443.237350000345,
          34861.30602199955,
          34899.42411700031,
          32946.17918899985,
          32970.14474699972
        ]
      },
      "throughput_over_time": null,
      "requests_throughput_over_time": null
    }
  ]
}