{
  "version": "0.3.7",
  "timestamp": "2026-05-03 17:01:00Z",
  "latency_mode": "api",
  "latency_ms": 17.325402333123446,
  "model": "qwen35-27b",
  "prefix_caching_enabled": true,
  "max_concurrency": 5,
  "benchmarks": [
    {
      "concurrency": 5,
      "context_size": 8192,
      "prompt_size": 2048,
      "response_size": 128,
      "is_context_prefill_phase": true,
      "pp_throughput": {
        "mean": 799.1667494399544,
        "std": 17.915756534643318,
        "values": [
          774.4641192795518,
          806.6398941990518,
          816.3962348412596
        ]
      },
      "pp_req_throughput": {
        "mean": 161.74121833283235,
        "std": 4.738297880937466,
        "values": [
          161.72290063377994,
          155.67415078304037,
          155.6983110935839,
          154.95581708552825,
          154.96903448013808,
          161.37430858342785,
          162.1678385816345,
          169.35556301388706,
          161.38852121849428,
          162.13303307298028,
          163.3351047632707,
          171.50176635975404,
          164.24646702703933,
          164.25880561649603,
          163.3366526794309
        ]
      },
      "tg_throughput": {
        "mean": 51.28732540406198,
        "std": 3.7802181025551973,
        "values": [
          56.39098872948494,
          47.35725615302311,
          50.113731329677876
        ]
      },
      "tg_req_throughput": {
        "mean": 13.110258402692486,
        "std": 1.5483725032809217,
        "values": [
          11.27815816350007,
          14.333028184103894,
          14.32310944330226,
          17.099735853769026,
          14.087205555291865,
          11.52141862267356,
          13.111580466964515,
          12.426545008267446,
          12.947270295552883,
          13.415743895929376,
          13.024162443907562,
          10.022717637798038,
          12.89519417772854,
          12.898228693901375,
          13.269777597696832
        ]
      },
      "peak_throughput": {
        "mean": 111.66666666666667,
        "std": 1.699673171197595,
        "values": [
          110.0,
          114.0,
          111.0
        ]
      },
      "peak_req_throughput": {
        "mean": 26.066666666666666,
        "std": 4.05736641458745,
        "values": [
          18.0,
          27.0,
          33.0,
          29.0,
          26.0,
          28.0,
          24.0,
          30.0,
          25.0,
          27.0,
          24.0,
          18.0,
          24.0,
          31.0,
          27.0
        ]
      },
      "ttfr": {
        "mean": 50715.60235993332,
        "std": 1478.493245839183,
        "values": [
          50678.05414199983,
          52646.486754999845,
          52638.32008400004,
          52890.46146200008,
          52885.95188299996,
          50781.291933999906,
          50539.05691,
          48394.83278499983,
          50783.017647000175,
          50549.902537999966,
          50178.00587500005,
          47789.428127000065,
          49899.67689700006,
          49902.01784999999,
          50177.53051
        ]
      },
      "est_ppt": {
        "mean": 50698.27695760022,
        "std": 1478.493245839183,
        "values": [
          50660.728739666716,
          52629.16135266672,
          52620.99468166692,
          52873.136059666955,
          52868.62648066684,
          50763.96653166679,
          50521.731507666875,
          48377.507382666714,
          50765.69224466706,
          50532.57713566685,
          50160.68047266693,
          47772.10272466694,
          49882.35149466694,
          49884.69244766687,
          50160.20510766687
        ]
      },
      "e2e_ttft": {
        "mean": 50715.60235993332,
        "std": 1478.493245839183,
        "values": [
          50678.05414199983,
          52646.486754999845,
          52638.32008400004,
          52890.46146200008,
          52885.95188299996,
          50781.291933999906,
          50539.05691,
          48394.83278499983,
          50783.017647000175,
          50549.902537999966,
          50178.00587500005,
          47789.428127000065,
          49899.67689700006,
          49902.01784999999,
          50177.53051
        ]
      },
      "throughput_over_time": null,
      "requests_throughput_over_time": null
    },
    {
      "concurrency": 5,
      "context_size": 8192,
      "prompt_size": 2048,
      "response_size": 128,
      "is_context_prefill_phase": false,
      "pp_throughput": {
        "mean": 162.28910263927915,
        "std": 1.196121757213856,
        "values": [
          161.44829492083426,
          163.98066450306797,
          161.43834849393522
        ]
      },
      "pp_req_throughput": {
        "mean": 33.90556341827519,
        "std": 2.850722024864291,
        "values": [
          32.377624527598726,
          32.3025254919748,
          40.949050055577615,
          33.13815638239878,
          32.38444149744582,
          34.4561157583164,
          32.81421133625184,
          32.959767751758456,
          32.82566721900385,
          32.96458201017345,
          32.382555868611774,
          41.13946486660793,
          33.21052067346986,
          32.38044543670001,
          32.29832239823859
        ]
      },
      "tg_throughput": {
        "mean": 35.15729478182711,
        "std": 10.483778028842998,
        "values": [
          27.943280920426552,
          49.98182842935393,
          27.546774995700854
        ]
      },
      "tg_req_throughput": {
        "mean": 12.667689879305154,
        "std": 2.9927709679536214,
        "values": [
          14.72368789659655,
          13.598927727418355,
          5.588662031317115,
          12.331309362838036,
          15.635596902685926,
          11.040630180545717,
          14.920295448650135,
          15.328283874530099,
          13.100505494124285,
          12.724330552548087,
          13.24133855057776,
          6.005521778417772,
          12.187971341930869,
          15.582632671819225,
          14.005654375577395
        ]
      },
      "peak_throughput": {
        "mean": 119.33333333333333,
        "std": 3.39934634239519,
        "values": [
          116.0,
          118.0,
          124.0
        ]
      },
      "peak_req_throughput": {
        "mean": 26.8,
        "std": 3.6000000000000005,
        "values": [
          30.0,
          25.0,
          22.0,
          27.0,
          30.0,
          25.0,
          25.0,
          32.0,
          29.0,
          27.0,
          24.0,
          25.0,
          19.0,
          32.0,
          30.0
        ]
      },
      "ttfr": {
        "mean": 60788.21496733329,
        "std": 4378.228372804369,
        "values": [
          63270.88491699987,
          63417.94095199976,
          50030.695608000315,
          61819.194412999874,
          63257.56995499978,
          59455.24969899998,
          62429.30840000008,
          62153.68556800013,
          62407.52714100017,
          62144.61096500009,
          63261.25241999989,
          49799.207753999784,
          61684.53080799963,
          63265.37441399978,
          63426.19149600023
        ]
      },
      "est_ppt": {
        "mean": 60770.88956500018,
        "std": 4378.22837280437,
        "values": [
          63253.559514666755,
          63400.61554966663,
          50013.37020566719,
          61801.86901066676,
          63240.244552666656,
          59437.92429666685,
          62411.98299766696,
          62136.36016566701,
          62390.20173866705,
          62127.28556266696,
          63243.92701766677,
          49781.88235166666,
          61667.205405666515,
          63248.049011666655,
          63408.86609366711
        ]
      },
      "e2e_ttft": {
        "mean": 60788.21496733329,
        "std": 4378.228372804369,