{
  "version": "0.3.7",
  "timestamp": "2026-05-03 20:24:06Z",
  "latency_mode": "api",
  "latency_ms": 15.661587333549203,
  "model": "qwen35-27b",
  "prefix_caching_enabled": true,
  "max_concurrency": 5,
  "benchmarks": [
    {
      "concurrency": 5,
      "context_size": 65535,
      "prompt_size": 2048,
      "response_size": 128,
      "is_context_prefill_phase": true,
      "pp_throughput": {
        "mean": 684.0194764950944,
        "std": 0.4963045673249746,
        "values": [
          684.7195954024079,
          683.6263766878369,
          683.7124573950384
        ]
      },
      "pp_req_throughput": {
        "mean": 241.0759114926794,
        "std": 100.8331100155144,
        "values": [
          269.7662056485596,
          199.2621856874368,
          136.94865462870453,
          422.50973786278297,
          175.98590519000356,
          423.80288435771087,
          270.1456636046972,
          199.26909346590554,
          136.74153306198136,
          175.9178566261086,
          136.74487354293123,
          422.6715633584579,
          175.76027799725887,
          199.02326068036817,
          271.5889766772833
        ]
      },
      "tg_throughput": {
        "mean": 1.882994717901143,
        "std": 0.003452288017779647,
        "values": [
          1.8860041356435364,
          1.8848194222628427,
          1.8781605957970504
        ]
      },
      "tg_req_throughput": {
        "mean": 2.538865542731486,
        "std": 3.557448300017041,
        "values": [
          0.528731478630006,
          0.8351309599580597,
          9.372847550237331,
          0.5481562961115043,
          1.1666799443403075,
          0.5462238746373417,
          0.5391869691784077,
          0.8247007066067866,
          10.384275552624885,
          1.1772260028416281,
          9.10887052189863,
          0.5462809776619566,
          1.1346592205337211,
          0.8368974767997907,
          0.5331156089119365
        ]
      },
      "peak_throughput": {
        "mean": 38.333333333333336,
        "std": 1.247219128924647,
        "values": [
          40.0,
          37.0,
          38.0
        ]
      },
      "peak_req_throughput": {
        "mean": 14.133333333333333,
        "std": 2.526306042866189,
        "values": [
          12.0,
          11.0,
          18.0,
          13.0,
          12.0,
          16.0,
          13.0,
          11.0,
          18.0,
          12.0,
          18.0,
          17.0,
          13.0,
          13.0,
          15.0
        ]
      },
      "ttfr": {
        "mean": 315587.5920994001,
        "std": 110748.81601813441,
        "values": [
          242951.947259,
          328908.97254799894,
          478559.97571499937,
          155126.87945300058,
          372414.8030370015,
          154653.58978199947,
          242610.70873900098,
          328897.57127099985,
          479284.8238709994,
          372553.17004100105,
          479265.8031249994,
          155067.4930360001,
          372892.85970499984,
          329303.8049730003,
          241321.47893600084
        ]
      },
      "est_ppt": {
        "mean": 315571.9305120666,
        "std": 110748.8160181344,
        "values": [
          242936.28567166647,
          328893.31096066535,
          478544.3141276658,
          155111.21786566704,
          372399.141449668,
          154637.92819466593,
          242595.04715166744,
          328881.90968366625,
          479269.16228366585,
          372537.5084536675,
          479250.1415376658,
          155051.83144866655,
          372877.1981176663,
          329288.1433856667,
          241305.8173486673
        ]
      },
      "e2e_ttft": {
        "mean": 315607.5023926667,
        "std": 110720.37378458696,
        "values": [
          242959.23114499965,
          328908.97254799894,
          478559.97571499937,
          155418.2499660001,
          372414.8030370015,
          154653.58978199947,
          242610.70873900098,
          328897.57127099985,
          479284.8238709994,
          372553.17004100105,
          479265.8031249994,
          155067.4930360001,
          372892.85970499984,
          329303.8049730003,
          241321.47893600084
        ]
      },
      "throughput_over_time": null,
      "requests_throughput_over_time": null
    },
    {
      "concurrency": 5,
      "context_size": 65535,
      "prompt_size": 2048,
      "response_size": 128,
      "is_context_prefill_phase": false,
      "pp_throughput": {
        "mean": 23.538068982967985,
        "std": 2.2618691914401454,
        "values": [
          25.009042444437327,
          25.262512366183472,
          20.34265213828316
        ]
      },
      "pp_req_throughput": {
        "mean": 12.16071750349027,
        "std": 11.223094855303007,
        "values": [
          5.001999816016607,
          8.191002502642183,
          37.997333804727496,
          12.662992316518286,
          6.858118552101573,
          12.891378036987902,
          5.05371152098365,
          6.914654575762383,
          41.61821068297791,
          8.256304740148632,
          5.2455269606155515,
          8.332311396304698,
          13.155003561411856,
          6.162593632180707,
          4.0696204529745605
        ]
      },
      "tg_throughput": {
        "mean": 1.7470997501605936,
        "std": 0.02216123618358373,
        "values": [
          1.7402808000228749,
          1.724017584603751,
          1.7770008658551553
        ]
      },
      "tg_req_throughput": {
        "mean": 3.1685483539265733,
        "std": 4.614777927209114,
        "values": [
          13.476269699875436,
          0.7965574799164414,
          0.3571969392204574,
          0.8484454481317928,
          1.1272897545421046,
          0.8345072337007193,
          10.284432666414933,
          1.1635881173956164,
          0.45095357344551446,
          0.8008240905450896,
          2.2321415205492907,
          0.4931563451673693,
          0.5075843166359085,
          1.1051309598439587,
          13.050147163513971
        ]
      },
      "peak_throughput": {
        "mean": 73.33333333333333,
        "std": 24.417662095749915,
        "values": [
          79.0,
          41.0,
          100.0
        ]
      },
      "peak_req_throughput": {
        "mean": 22.066666666666666,
        "std": 7.886415887813396,
        "values": [
          33.0,
          17.0,
          13.0,
          19.0,
          33.0,
          14.0,
          21.0,
          14.0,
          13.0,
          16.0,
          28.0,
          21.0,
          23.0,
          28.0,
          38.0
        ]
      },
      "ttfr": {
        "mean": 263932.10174740007,
        "std": 127939.91900451979,
        "values": [
          409451.9021569995,
          250046.10649799905,
          53914.18011299902,
          161746.7871230001,
          298639.8373640004,
          158881.53256899933,
          405262.3780840004,
          296198.2080270009,
          49224.88914400128,
          248068.52112399973,
          390443.54716999986,
          245805.80343300063,
          155697.86953499896,
          332343.2694480016,
          503256.6944219998
        ]
      },
      "est_ppt": {
        "mean": 263916.44016006653,
        "std": 127939.91900451979,
        "values": [
          409436.2405696659,
          250030.4449106655,
          53898.51852566547,
          161731.12553566656,
          298624.17577666685,
          158865.87098166576,
          405246.71649666684,
          296182.5464396673,
          49209.227556667734,
          248052.8595366662,
          390427.8855826663,
          245790.14184566707,
          155682.20794766542,
          332327.60786066804,
          503241.0328346662
        ]
      },
      "e2e_ttft": {
        "mean": 263933.6047992,
        "std": 127942.32916411012,