{
  "version": "0.3.7",
  "timestamp": "2026-05-03 19:24:15Z",
  "latency_mode": "api",
  "latency_ms": 9.882802332867868,
  "model": "qwen35-27b",
  "prefix_caching_enabled": true,
  "max_concurrency": 1,
  "benchmarks": [
    {
      "concurrency": 1,
      "context_size": 65535,
      "prompt_size": 2048,
      "response_size": 128,
      "is_context_prefill_phase": true,
      "pp_throughput": {
        "mean": 699.5024079538047,
        "std": 7.654074344867381,
        "values": [
          688.6803182241601,
          705.1110927128283,
          704.7158129244251
        ]
      },
      "pp_req_throughput": {
        "mean": 699.5024079538047,
        "std": 7.654074344867381,
        "values": [
          688.6803182241601,
          705.1110927128283,
          704.7158129244251
        ]
      },
      "tg_throughput": {
        "mean": 13.08328423660617,
        "std": 2.218785266361795,
        "values": [
          10.331468907424387,
          13.15337936377203,
          15.765004438622089
        ]
      },
      "tg_req_throughput": {
        "mean": 13.08328423660617,
        "std": 2.218785266361795,
        "values": [
          10.331468907424387,
          13.15337936377203,
          15.765004438622089
        ]
      },
      "peak_throughput": {
        "mean": 30.0,
        "std": 4.546060565661952,
        "values": [
          25.0,
          29.0,
          36.0
        ]
      },
      "peak_req_throughput": {
        "mean": 30.0,
        "std": 4.546060565661952,
        "values": [
          25.0,
          29.0,
          36.0
        ]
      },
      "ttfr": {
        "mean": 93710.64490066662,
        "std": 1033.2687489267723,
        "values": [
          95171.59755699868,
          92954.10205700136,
          93006.23508799981
        ]
      },
      "est_ppt": {
        "mean": 93700.76209833375,
        "std": 1033.2687489267723,
        "values": [
          95161.71475466581,
          92944.2192546685,
          92996.35228566694
        ]
      },
      "e2e_ttft": {
        "mean": 93710.64490066662,
        "std": 1033.2687489267723,
        "values": [
          95171.59755699868,
          92954.10205700136,
          93006.23508799981
        ]
      },
      "throughput_over_time": null,
      "requests_throughput_over_time": null
    },
    {
      "concurrency": 1,
      "context_size": 65535,
      "prompt_size": 2048,
      "response_size": 128,
      "is_context_prefill_phase": false,
      "pp_throughput": {
        "mean": 246.2180280470301,
        "std": 23.6177880447435,
        "values": [
          217.9319540268323,
          275.74363248206043,
          244.97849763219756
        ]
      },
      "pp_req_throughput": {
        "mean": 246.2180280470301,
        "std": 23.6177880447435,
        "values": [
          217.9319540268323,
          275.74363248206043,
          244.97849763219756
        ]
      },
      "tg_throughput": {
        "mean": 11.277422106163016,
        "std": 0.9433745108690516,
        "values": [
          12.499761511686797,
          11.129229708367532,
          10.203275098434716
        ]
      },
      "tg_req_throughput": {
        "mean": 11.277422106163016,
        "std": 0.9433745108690516,
        "values": [
          12.499761511686797,
          11.129229708367532,
          10.203275098434716
        ]
      },
      "peak_throughput": {
        "mean": 20.333333333333332,
        "std": 3.299831645537222,
        "values": [
          25.0,
          18.0,
          18.0
        ]
      },
      "peak_req_throughput": {
        "mean": 20.333333333333332,
        "std": 3.299831645537222,
        "values": [
          25.0,
          18.0,
          18.0
        ]
      },
      "ttfr": {
        "mean": 8404.727740333328,
        "std": 804.7261797566138,
        "values": [
          9407.311504999598,
          7437.0715340010065,
          8369.80018199938
        ]
      },
      "est_ppt": {
        "mean": 8394.84493800046,
        "std": 804.7261797566138,
        "values": [
          9397.42870266673,
          7427.188731668139,
          8359.917379666513
        ]
      },
      "e2e_ttft": {
        "mean": 8404.727740333328,
        "std": 804.7261797566138,
        "values": [
          9407.311504999598,
          7437.0715340010065,
          8369.80018199938
        ]
      },
      "throughput_over_time": null,
      "requests_throughput_over_time": null
    }
  ]
}