{
  "version": "0.3.7",
  "timestamp": "2026-05-03 19:17:36Z",
  "latency_mode": "api",
  "latency_ms": 26.230932333419332,
  "model": "qwen35-27b",
  "prefix_caching_enabled": true,
  "max_concurrency": 10,
  "benchmarks": [
    {
      "concurrency": 10,
      "context_size": 32768,
      "prompt_size": 2048,
      "response_size": 128,
      "is_context_prefill_phase": true,
      "pp_throughput": {
        "mean": 681.3223459060576,
        "std": 32.291545420128294,
        "values": [
          650.8688485757957,
          726.0203387542412,
          667.077850388136
        ]
      },
      "pp_req_throughput": {
        "mean": 148.03982877509404,
        "std": 91.46206729351405,
        "values": [
          174.43757722677014,
          376.728644064142,
          223.83668584997187,
          143.48737212063216,
          65.09134564343631,
          121.42094875274859,
          107.442803963528,
          65.46532895182597,
          106.43095655039937,
          78.91952365848526,
          143.2165022926716,
          72.61471868878021,
          223.25105400571073,
          174.63884428012045,
          106.65726117249353,
          81.0113110794439,
          107.46809505600774,
          383.7507441411322,
          121.48239224606003,
          72.95754105597356,
          66.7097186748044,
          73.46293664819586,
          391.42566428853075,
          107.25283717961676,
          226.69636571579423,
          176.38225189105606,
          74.15648141055813,
          144.53282333112574,
          122.1974652155503,
          108.06866809725506
        ]
      },
      "tg_throughput": {
        "mean": 3.109126017011093,
        "std": 0.19206560019313582,
        "values": [
          2.9109639979910233,
          3.3690878918524074,
          3.047326161189847
        ]
      },
      "tg_req_throughput": {
        "mean": 2.6964964863645124,
        "std": 4.039934385325535,
        "values": [
          0.5136652888743846,
          0.3043951467733196,
          0.5740678646522754,
          0.4598780025366925,
          12.553251304723108,
          0.8728211631631732,
          0.6311584813993817,
          9.45933525228753,
          0.6434491049220507,
          1.3015220208969525,
          0.5656570329399351,
          11.136639707285878,
          0.7266072505834246,
          0.48252442017192193,
          0.8696516227611248,
          2.2016943833475793,
          3.4741695422180645,
          0.4583717534100605,
          0.9424498806781966,
          9.631678467071453,
          14.376940852912401,
          2.318976356778816,
          0.3136318387276588,
          0.6842185007647402,
          0.593298145454642,
          0.5932317019036288,
          2.284640349117112,
          0.48426324718965685,
          0.5631329855560724,
          0.8795729218341581
        ]
      },
      "peak_throughput": {
        "mean": 70.0,
        "std": 9.93310961716756,
        "values": [
          84.0,
          64.0,
          62.0
        ]
      },
      "peak_req_throughput": {
        "mean": 17.233333333333334,
        "std": 5.206939813577859,
        "values": [
          15.0,
          9.0,
          15.0,
          17.0,
          22.0,
          15.0,
          12.0,
          21.0,
          19.0,
          24.0,
          19.0,
          23.0,
          15.0,
          13.0,
          18.0,
          17.0,
          15.0,
          11.0,
          16.0,
          20.0,
          32.0,
          20.0,
          7.0,
          19.0,
          15.0,
          19.0,
          28.0,
          12.0,
          13.0,
          16.0
        ]
      },
      "ttfr": {
        "mean": 289487.4423103334,
        "std": 128052.81332299885,
        "values": [
          187881.39677999972,
          87006.6092930001,
          146423.144716,
          228401.72848099974,
          503457.212057001,
          269897.28972899955,
          305025.7170879995,
          500581.2655539994,
          307915.975252,
          415234.0081840002,
          228833.66216700053,
          451298.3778430007,
          146807.1728899995,
          187664.8982350016,
          307262.69697099994,
          404525.3010420001,
          304944.63469600125,
          85417.59629200169,
          269769.02570399945,
          449177.8816829992,
          491229.0219340011,
          446087.8981499991,
          83745.83082000026,
          305556.6100039996,
          144576.40886099945,
          185804.55980999977,
          441916.1288440009,
          226749.81692999974,
          268190.54958000017,
          303240.8497199995
        ]
      },
      "est_ppt": {
        "mean": 289461.21137800004,
        "std": 128052.81332299885,
        "values": [
          187855.16584766627,
          86980.37836066668,
          146396.91378366662,
          228375.49754866632,
          503430.98112466757,
          269871.05879666616,
          304999.48615566606,
          500555.03462166595,
          307889.7443196665,
          415207.7772516668,
          228807.43123466708,
          451272.1469106673,
          146780.94195766607,
          187638.66730266818,
          307236.46603866655,
          404499.07010966673,
          304918.4037636678,
          85391.36535966827,
          269742.794771666,
          449151.6507506658,
          491202.79100166773,
          446061.6672176657,
          83719.59988766685,
          305530.37907166616,
          144550.177928666,
          185778.32887766635,
          441889.8979116675,
          226723.5859976663,
          268164.3186476667,
          303214.618787666
        ]
      },
      "e2e_ttft": {
        "mean": 289509.5689387334,
        "std": 128019.33290290477,
        "values": [
          187881.39677999972,
          87006.6092930001,
          146423.144716,
          228401.72848099974,
          503457.212057001,
          269897.28972899955,
          305025.7170879995,
          500581.2655539994,
          307915.975252,
          415234.0081840002,
          228833.66216700053,
          451298.3778430007,
          146863.9279679992,
          187670.50791900145,
          307262.69697099994,
          404525.3010420001,
          304944.63469600125,
          85656.46683700106,
          269769.02570399945,
          449177.8816829992,
          491229.0219340011,
          446092.42192700005,
          84090.03868599939,
          305556.6100039996,
          144582.11391999974,
          185808.33575500036,
          441916.1288440009,
          226749.81692999974,
          268190.54958000017,
          303245.2006179992
        ]
      },
      "throughput_over_time": null,
      "requests_throughput_over_time": null
    },
    {
      "concurrency": 10,
      "context_size": 32768,
      "prompt_size": 2048,
      "response_size": 128,
      "is_context_prefill_phase": false,
      "pp_throughput": {
        "mean": 44.594135232849084,
        "std": 1.8954317573077908,
        "values": [
          42.14869084929474,
          46.7675643432522,
          44.86615050600032
        ]
      },
      "pp_req_throughput": {
        "mean": 9.183182666576815,
        "std": 4.839646809099319,