{
  "version": "0.3.7",
  "timestamp": "2026-05-03 22:03:49Z",
  "latency_mode": "api",
  "latency_ms": 25.31944300001972,
  "model": "qwen35-27b",
  "prefix_caching_enabled": true,
  "max_concurrency": 10,
  "benchmarks": [
    {
      "concurrency": 10,
      "context_size": 65535,
      "prompt_size": 2048,
      "response_size": 128,
      "is_context_prefill_phase": true,
      "pp_throughput": {
        "mean": 683.1545937574147,
        "std": 0.18103942732903378,
        "values": [
          683.1561717050689,
          682.9320818846069,
          683.375527682568
        ]
      },
      "pp_req_throughput": {
        "mean": 160.23631273361204,
        "std": 103.53365667171671,
        "values": [
          120.68847120070822,
          174.4238741170906,
          411.4708186142318,
          268.3153350071384,
          197.46572383725493,
          103.61269260365081,
          68.3211641685011,
          91.28130673240645,
          75.64879271992487,
          86.05214285242312,
          90.71288445454428,
          68.3004295794841,
          135.81167161188765,
          72.19439306024005,
          267.94299718320485,
          197.21412465670866,
          86.02640589254499,
          410.4876464449968,
          103.22310182636153,
          174.26686409577346,
          121.00884879917625,
          269.5288946567039,
          70.70115897052878,
          413.7795754819935,
          197.30338020814477,
          85.84424739942688,
          174.98519167516386,
          97.93732478169801,
          104.19142585517643,
          68.34849352127175
        ]
      },
      "tg_throughput": {
        "mean": 1.5529695831362993,
        "std": 0.0035948060385792143,
        "values": [
          1.5531405245905747,
          1.5572843430789012,
          1.5484838817394222
        ]
      },
      "tg_req_throughput": {
        "mean": 1.7054195177231646,
        "std": 2.2620075775005337,
        "values": [
          0.391121876310158,
          7.307593236468992,
          0.46212278724200634,
          0.5382933331043188,
          1.0194368943464878,
          0.8924363153032099,
          7.164828389325918,
          0.5202633753025195,
          1.230500783800033,
          0.6417941484003743,
          2.340824252682602,
          8.110910366362432,
          0.331404735652674,
          1.9283709226071737,
          0.5330767847092612,
          0.4196403224150025,
          0.6354580575461681,
          0.5489277280284839,
          0.3902009080607683,
          0.6543105195559995,
          0.4284771476339596,
          0.2980481936202502,
          2.5643162540173683,
          0.5469015867317885,
          1.6255299677995565,
          0.6310730373694682,
          1.2302349998122308,
          0.4331784021285514,
          0.8754051658494175,
          6.467905039507755
        ]
      },
      "peak_throughput": {
        "mean": 57.666666666666664,
        "std": 18.660713336371206,
        "values": [
          46.0,
          43.0,
          84.0
        ]
      },
      "peak_req_throughput": {
        "mean": 15.6,
        "std": 3.7647487742654664,
        "values": [
          15.0,
          19.0,
          12.0,
          11.0,
          14.0,
          19.0,
          12.0,
          11.0,
          21.0,
          15.0,
          19.0,
          17.0,
          12.0,
          17.0,
          11.0,
          12.0,
          14.0,
          18.0,
          11.0,
          17.0,
          22.0,
          10.0,
          15.0,
          13.0,
          18.0,
          20.0,
          17.0,
          18.0,
          25.0,
          13.0
        ]
      },
      "ttfr": {
        "mean": 559045.0085966998,
        "std": 263025.14601106354,
        "values": [
          543043.2179049986,
          375753.7014190002,
          159297.85357000038,
          244275.2427589985,
          331910.7663270006,
          632534.69984,
          959259.5596319989,
          717981.7373120004,
          866331.2794420017,
          761610.0729150003,
          722480.5736669987,
          959565.404380999,
          482575.89276400174,
          907796.646578001,
          244614.6563129987,
          332329.10404299764,
          761849.5444590007,
          159679.332341002,
          634921.9544059997,
          376097.9614799981,
          541605.5480819996,
          243175.50222200225,
          926969.1058569988,
          158409.16408699923,
          332183.8457230006,
          763454.459837998,
          374548.4397859982,
          669187.9716399999,
          629031.012206,
          958876.0069069976
        ]
      },
      "est_ppt": {
        "mean": 559019.6891536996,
        "std": 263025.14601106354,
        "values": [
          543017.8984619984,
          375728.3819760002,
          159272.53412700034,
          244249.9233159985,
          331885.4468840006,
          632509.380397,
          959234.2401889988,
          717956.4178690003,
          866305.9599990016,
          761584.7534720002,
          722455.2542239986,
          959540.084937999,
          482550.5733210018,
          907771.3271350008,
          244589.3368699987,
          332303.7845999976,
          761824.2250160007,
          159654.012898002,
          634896.6349629996,
          376072.64203699806,
          541580.2286389995,
          243150.18277900224,
          926943.7864139987,
          158383.8446439992,
          332158.5262800006,
          763429.1403949979,
          374523.1203429982,
          669162.6521969999,
          629005.6927629999,
          958850.6874639976
        ]
      },
      "e2e_ttft": {
        "mean": 559045.1525910331,
        "std": 263025.04566851316,
        "values": [
          543043.2179049986,
          375758.0212490011,
          159297.85357000038,
          244275.2427589985,
          331910.7663270006,
          632534.69984,
          959259.5596319989,
          717981.7373120004,
          866331.2794420017,
          761610.0729150003,
          722480.5736669987,
          959565.404380999,
          482575.89276400174,
          907796.646578001,
          244614.6563129987,
          332329.10404299764,
          761849.5444590007,
          159679.332341002,
          634921.9544059997,
          376097.9614799981,
          541605.5480819996,
          243175.50222200225,
          926969.1058569988,
          158409.16408699923,
          332183.8457230006,
          763454.459837998,
          374548.4397859982,
          669187.9716399999,
          629031.012206,
          958876.0069069976
        ]
      },
      "throughput_over_time": null,
      "requests_throughput_over_time": null
    },
    {
      "concurrency": 10,
      "context_size": 65535,
      "prompt_size": 2048,
      "response_size": 128,
      "is_context_prefill_phase": false,
      "pp_throughput": {
        "mean": 20.676412304518067,
        "std": 0.08724627760240436,
        "values": [
          20.756656261645325,
          20.55512044273638,
          20.71746020917249
        ]
      },
      "pp_req_throughput": {
        "mean": 4.9096937164798655,
        "std": 3.2322430990515487,