{
  "version": "0.3.7",
  "timestamp": "2026-05-03 16:36:17Z",
  "latency_mode": "api",
  "latency_ms": 5.993992666617487,
  "model": "qwen35-27b",
  "prefix_caching_enabled": true,
  "max_concurrency": 2,
  "benchmarks": [
    {
      "concurrency": 2,
      "context_size": 4096,
      "prompt_size": 2048,
      "response_size": 128,
      "is_context_prefill_phase": true,
      "pp_throughput": {
        "mean": 1087.0386926593567,
        "std": 179.57497164969737,
        "values": [
          1340.995851052465,
          959.7827325735481,
          960.3374943520572
        ]
      },
      "pp_req_throughput": {
        "mean": 547.5649923390904,
        "std": 95.17358718118174,
        "values": [
          671.1562975246818,
          692.5952728557423,
          480.3572055208405,
          480.19373442475614,
          480.50630114604303,
          480.5811425624785
        ]
      },
      "tg_throughput": {
        "mean": 38.366007451415015,
        "std": 3.080671492069181,
        "values": [
          42.692660802051215,
          35.76012190922943,
          36.64523964296439
        ]
      },
      "tg_req_throughput": {
        "mean": 20.86723967155036,
        "std": 3.0584300544837366,
        "values": [
          22.045586372458907,
          26.49821603566867,
          18.377019676733493,
          17.88309382879161,
          18.32490197042471,
          22.074620145224802
        ]
      },
      "peak_throughput": {
        "mean": 59.333333333333336,
        "std": 5.90668171555645,
        "values": [
          64.0,
          51.0,
          63.0
        ]
      },
      "peak_req_throughput": {
        "mean": 31.666666666666668,
        "std": 3.496029493900505,
        "values": [
          37.0,
          34.0,
          30.0,
          26.0,
          33.0,
          30.0
        ]
      },
      "ttfr": {
        "mean": 7694.37737650001,
        "std": 1188.1131090066563,
        "values": [
          6110.384303999922,
          5921.4256460001025,
          8535.063512000079,
          8535.884548000013,
          8532.417038999938,
          8531.089210000006
        ]
      },
      "est_ppt": {
        "mean": 7688.383383833392,
        "std": 1188.1131090066563,
        "values": [
          6104.390311333304,
          5915.431653333485,
          8529.069519333461,
          8529.890555333395,
          8526.42304633332,
          8525.095217333386
        ]
      },
      "e2e_ttft": {
        "mean": 7694.37737650001,
        "std": 1188.1131090066563,
        "values": [
          6110.384303999922,
          5921.4256460001025,
          8535.063512000079,
          8535.884548000013,
          8532.417038999938,
          8531.089210000006
        ]
      },
      "throughput_over_time": null,
      "requests_throughput_over_time": null
    },
    {
      "concurrency": 2,
      "context_size": 4096,
      "prompt_size": 2048,
      "response_size": 128,
      "is_context_prefill_phase": false,
      "pp_throughput": {
        "mean": 257.57676447424035,
        "std": 28.989289389597552,
        "values": [
          278.3658771922425,
          216.58109795123704,
          277.7833182792415
        ]
      },
      "pp_req_throughput": {
        "mean": 129.03859507941223,
        "std": 14.237636204173278,
        "values": [
          139.23965846339468,
          139.2551054290211,
          109.49389628253361,
          108.32585669322387,
          138.96385804758128,
          138.95319556071877
        ]
      },
      "tg_throughput": {
        "mean": 36.16990346269728,
        "std": 1.5323769772481788,
        "values": [
          35.68633207146645,
          34.58223901338178,
          38.24113930324359
        ]
      },
      "tg_req_throughput": {
        "mean": 18.687162512846363,
        "std": 1.3382831927476415,
        "values": [
          17.845424989535815,
          18.73935147972032,
          17.291213451368094,
          17.779703087848496,
          19.120218910258735,
          21.34706315834673
        ]
      },
      "peak_throughput": {
        "mean": 62.0,
        "std": 3.7416573867739413,
        "values": [
          57.0,
          63.0,
          66.0
        ]
      },
      "peak_req_throughput": {
        "mean": 32.833333333333336,
        "std": 1.863389981249825,
        "values": [
          33.0,
          30.0,
          36.0,
          32.0,
          32.0,
          34.0
        ]
      },
      "ttfr": {
        "mean": 16089.636452499974,
        "std": 1925.2676917179176,
        "values": [
          14714.447191999967,
          14712.815646999956,
          18710.232945999905,
          18911.914172000026,
          14743.638937000014,
          14744.769820999976
        ]
      },
      "est_ppt": {
        "mean": 16083.642459833356,
        "std": 1925.2676917179176,
        "values": [
          14708.453199333348,
          14706.82165433334,
          18704.23895333329,
          18905.920179333407,
          14737.644944333397,
          14738.77582833336
        ]
      },
      "e2e_ttft": {
        "mean": 16089.636452499974,
        "std": 1925.2676917179176,
        "values": [
          14714.447191999967,
          14712.815646999956,
          18710.232945999905,
          18911.914172000026,
          14743.638937000014,
          14744.769820999976
        ]
      },
      "throughput_over_time": null,
      "requests_throughput_over_time": null
    }
  ]
}