{
  "version": "0.3.7",
  "timestamp": "2026-05-03 16:48:23Z",
  "latency_mode": "api",
  "latency_ms": 9.928200333357987,
  "model": "qwen35-27b",
  "prefix_caching_enabled": true,
  "max_concurrency": 10,
  "benchmarks": [
    {
      "concurrency": 10,
      "context_size": 4096,
      "prompt_size": 2048,
      "response_size": 128,
      "is_context_prefill_phase": true,
      "pp_throughput": {
        "mean": 803.1253143547741,
        "std": 10.733516087969504,
        "values": [
          810.3537876155467,
          787.951474264287,
          811.0706811844882
        ]
      },
      "pp_req_throughput": {
        "mean": 82.95016243101804,
        "std": 3.7367383831523053,
        "values": [
          90.24276536091197,
          90.2351740067279,
          81.64779156518283,
          81.64991239060609,
          81.62993428517991,
          81.64922589629167,
          81.64895575929172,
          81.04226091298838,
          81.04004593470192,
          81.06032111516004,
          87.2227688180907,
          87.22759968934581,
          87.22497970189417,
          78.81343352687912,
          78.83568716240734,
          87.22859422068127,
          79.40493888614233,
          79.40671669039521,
          79.40637389028338,
          78.79891732837534,
          90.49823624869899,
          81.74334285865982,
          90.49664022985625,
          81.74485828737075,
          81.72819568432656,
          81.74430606915534,
          81.74594711096401,
          81.12723414725129,
          81.12986650960697,
          81.12984864311409
        ]
      },
      "tg_throughput": {
        "mean": 70.6306642243366,
        "std": 1.263210120907702,
        "values": [
          70.51456020404453,
          72.23255547698798,
          69.14487699197728
        ]
      },
      "tg_req_throughput": {
        "mean": 10.347101287886735,
        "std": 1.8629022242453195,
        "values": [
          7.117625294094636,
          7.565371442215007,
          11.708517397184885,
          10.789605578084084,
          9.59829782196291,
          10.790194773050576,
          9.85900055033401,
          11.1342071994168,
          11.135740304631495,
          12.115955850101539,
          8.21397938845364,
          8.213256027108143,
          7.831313714708913,
          10.909010810245341,
          10.536638015420461,
          7.526975052435284,
          11.72294697835768,
          11.721907209826082,
          12.506386272903404,
          10.105228427468475,
          6.700936590865775,
          9.825470484975664,
          8.431847881484389,
          10.364469879541993,
          13.155631023750303,
          13.158779877467135,
          10.709421038383185,
          11.708917351300666,
          13.287855422847715,
          11.967550977981864
        ]
      },
      "peak_throughput": {
        "mean": 191.33333333333334,
        "std": 1.699673171197595,
        "values": [
          192.0,
          189.0,
          193.0
        ]
      },
      "peak_req_throughput": {
        "mean": 23.8,
        "std": 3.197915988056388,
        "values": [
          16.0,
          21.0,
          27.0,
          22.0,
          22.0,
          28.0,
          21.0,
          25.0,
          24.0,
          28.0,
          23.0,
          19.0,
          19.0,
          23.0,
          25.0,
          18.0,
          23.0,
          26.0,
          26.0,
          23.0,
          27.0,
          23.0,
          29.0,
          22.0,
          28.0,
          28.0,
          24.0,
          23.0,
          25.0,
          26.0
        ]
      },
      "ttfr": {
        "mean": 49495.65668083334,
        "std": 2137.5211735050852,
        "values": [
          45409.68942900008,
          45413.508845000026,
          50188.87268200001,
          50187.56930299992,
          50187.59936800007,
          50187.99118900006,
          50188.15720400016,
          50551.45991299992,
          50552.84130900008,
          50552.535775000026,
          46981.60836499983,
          46979.006961999854,
          46980.417777999945,
          51993.45203200005,
          51991.4628009999,
          46978.471446999945,
          51606.21499900003,
          51605.059831000064,
          51605.282568999886,
          51990.33781599996,
          45281.528729,
          50130.217592999994,
          45282.32714899991,
          50129.28843700001,
          50127.271006,
          50129.62701500009,
          50128.62086700011,
          50510.84867500003,
          50509.210107999934,
          50509.221229000104
        ]
      },
      "est_ppt": {
        "mean": 49485.72848049996,
        "std": 2137.5211735050852,
        "values": [
          45399.76122866673,
          45403.58064466667,
          50178.94448166665,
          50177.64110266656,
          50177.67116766671,
          50178.0629886667,
          50178.229003666806,
          50541.53171266656,
          50542.91310866673,
          50542.60757466667,
          46971.680164666475,
          46969.078761666504,
          46970.48957766659,
          51983.523831666695,
          51981.53460066654,
          46968.54324666659,
          51596.286798666675,
          51595.13163066671,
          51595.35436866653,
          51980.409615666606,
          45271.60052866665,
          50120.289392666644,
          45272.39894866655,
          50119.36023666666,
          50117.342805666645,
          50119.69881466674,
          50118.69266666675,
          50500.92047466668,
          50499.28190766658,
          50499.29302866675
        ]
      },
      "e2e_ttft": {
        "mean": 49495.65668083334,
        "std": 2137.5211735050852,
        "values": [
          45409.68942900008,
          45413.508845000026,
          50188.87268200001,
          50187.56930299992,
          50187.59936800007,
          50187.99118900006,
          50188.15720400016,
          50551.45991299992,
          50552.84130900008,
          50552.535775000026,
          46981.60836499983,
          46979.006961999854,
          46980.417777999945,
          51993.45203200005,
          51991.4628009999,
          46978.471446999945,
          51606.21499900003,
          51605.059831000064,
          51605.282568999886,
          51990.33781599996,
          45281.528729,
          50130.217592999994,
          45282.32714899991,
          50129.28843700001,
          50127.271006,
          50129.62701500009,
          50128.62086700011,
          50510.84867500003,
          50509.210107999934,
          50509.221229000104
        ]
      },
      "throughput_over_time": null,
      "requests_throughput_over_time": null
    },
    {
      "concurrency": 10,
      "context_size": 4096,
      "prompt_size": 2048,
      "response_size": 128,
      "is_context_prefill_phase": false,
      "pp_throughput": {
        "mean": 252.80786276732,
        "std": 12.978997206919482,
        "values": [
          254.73093142621767,
          267.65480426401297,
          236.03785261172936
        ]
      },
      "pp_req_throughput": {
        "mean": 28.304626871397446,
        "std": 5.630291948479502,