{
  "version": "0.3.7",
  "timestamp": "2026-05-03 17:57:42Z",
  "latency_mode": "api",
  "latency_ms": 22.534874333359767,
  "model": "qwen35-27b",
  "prefix_caching_enabled": true,
  "max_concurrency": 10,
  "benchmarks": [
    {
      "concurrency": 10,
      "context_size": 16384,
      "prompt_size": 2048,
      "response_size": 128,
      "is_context_prefill_phase": true,
      "pp_throughput": {
        "mean": 741.3587258294998,
        "std": 4.042900153888734,
        "values": [
          736.3220578426728,
          746.2204642212886,
          741.533655424538
        ]
      },
      "pp_req_throughput": {
        "mean": 124.79550250146144,
        "std": 58.21933490075265,
        "values": [
          260.03731448789097,
          84.40650190277839,
          158.39139700228097,
          158.4283951827051,
          114.90817508941274,
          85.30129048085959,
          73.64673189677451,
          100.86797108095381,
          89.68569694276124,
          84.59911875760267,
          85.54620722530764,
          269.9676687489394,
          200.49201325238596,
          90.36887048645151,
          134.36415639872115,
          101.63648300499997,
          134.39197519047266,
          86.48374493755897,
          85.74760184329011,
          74.6620109306764,
          102.05245433720636,
          135.75341583026574,
          85.85133843453978,
          86.01124376913089,
          269.5562489755979,
          203.2231777012021,
          135.77992486033753,
          74.17922802530984,
          90.73983161943869,
          86.78488664799089
        ]
      },
      "tg_throughput": {
        "mean": 7.461694825472097,
        "std": 0.10238519904873997,
        "values": [
          7.454255795274481,
          7.340184196042264,
          7.5906444850995465
        ]
      },
      "tg_req_throughput": {
        "mean": 3.501473868402546,
        "std": 3.88144987597598,
        "values": [
          0.7903310508381303,
          3.6207408484075,
          1.043625582358069,
          1.2942359467884597,
          1.526410593980434,
          3.484025926029378,
          11.672430492471184,
          1.959302075478519,
          3.016471044720695,
          3.6953182958325477,
          3.59582648732774,
          0.7897899422780942,
          0.770533956405589,
          3.06250990091511,
          1.2715382131161321,
          2.016137685883819,
          1.2669722594159245,
          3.605255907142445,
          3.9329334404382625,
          13.81830791885703,
          2.0184009163182,
          1.2398725656192664,
          3.899019893259666,
          4.272672985854049,
          0.775062327886044,
          1.0658383424573528,
          1.22679105547254,
          17.635536855859534,
          3.0888810927935384,
          3.589442447871126
        ]
      },
      "peak_throughput": {
        "mean": 102.33333333333333,
        "std": 6.847546194724712,
        "values": [
          97.0,
          98.0,
          112.0
        ]
      },
      "peak_req_throughput": {
        "mean": 19.3,
        "std": 3.831013790978397,
        "values": [
          15.0,
          19.0,
          15.0,
          21.0,
          17.0,
          14.0,
          25.0,
          18.0,
          18.0,
          20.0,
          19.0,
          18.0,
          17.0,
          18.0,
          18.0,
          16.0,
          19.0,
          15.0,
          24.0,
          28.0,
          15.0,
          22.0,
          24.0,
          22.0,
          18.0,
          18.0,
          16.0,
          30.0,
          18.0,
          22.0
        ]
      },
      "ttfr": {
        "mean": 153198.60783293325,
        "std": 49748.061365955684,
        "values": [
          63032.722594000006,
          194142.6515789999,
          103468.80979900016,
          103444.6517310007,
          142614.6523389998,
          192106.38152699993,
          222503.55443899933,
          162472.51601700007,
          182704.95312499953,
          193700.67526899948,
          191544.76048099968,
          60714.987699999256,
          81751.47626299986,
          181357.1018749999,
          121974.70157699991,
          161234.33122499957,
          121942.01687299937,
          189480.10301999966,
          191118.2582270003,
          219464.78931900038,
          160577.22320999982,
          120719.31366100034,
          190887.3518800001,
          190520.884648,
          60807.621705999736,
          80653.10165000029,
          120695.74939300037,
          220906.47282000008,
          180593.73175200017,
          188822.68928899977
        ]
      },
      "est_ppt": {
        "mean": 153176.0729585999,
        "std": 49748.061365955684,
        "values": [
          63010.18771966665,
          194120.11670466655,
          103446.2749246668,
          103422.11685666734,
          142592.11746466643,
          192083.84665266657,
          222481.01956466597,
          162449.98114266671,
          182682.41825066617,
          193678.14039466612,
          191522.22560666632,
          60692.452825665896,
          81728.9413886665,
          181334.56700066655,
          121952.16670266655,
          161211.7963506662,
          121919.48199866601,
          189457.5681456663,
          191095.72335266694,
          219442.25444466702,
          160554.68833566646,
          120696.77878666698,
          190864.81700566673,
          190498.34977366665,
          60785.08683166638,
          80630.56677566693,
          120673.21451866701,
          220883.93794566672,
          180571.1968776668,
          188800.1544146664
        ]
      },
      "e2e_ttft": {
        "mean": 153206.64015083326,
        "std": 49744.63752118015,
        "values": [
          63032.722594000006,
          194142.6515789999,
          103485.5711250002,
          103485.27499500051,
          142614.6523389998,
          192106.38152699993,
          222508.79409400022,
          162472.51601700007,
          182704.95312499953,
          193700.67526899948,
          191549.01431999952,
          60728.226741999606,
          81769.20572200016,
          181369.06388199987,
          121990.78831899987,
          161238.96493899974,
          121989.0577469996,
          189480.10301999966,
          191118.2582270003,
          219474.15276399988,
          160577.22320999982,
          120719.31366100034,
          190892.4289890001,
          190528.56176000024,
          60807.621705999736,
          80653.10165000029,
          120717.37985500021,
          220914.27932499937,
          180598.51847499976,
          188829.74754800033
        ]
      },
      "throughput_over_time": null,
      "requests_throughput_over_time": null
    },
    {
      "concurrency": 10,
      "context_size": 16384,
      "prompt_size": 2048,
      "response_size": 128,
      "is_context_prefill_phase": false,
      "pp_throughput": {
        "mean": 82.55878498250485,
        "std": 0.4739479415621093,
        "values": [
          82.67556928785352,
          83.07197925941453,
          81.92880640024649
        ]
      },
      "pp_req_throughput": {
        "mean": 13.643644703393303,
        "std": 5.1545857951088205,