{
  "version": "0.3.7",
  "timestamp": "2026-05-03 16:29:33Z",
  "latency_mode": "api",
  "latency_ms": 23.843206333329665,
  "model": "qwen35-27b",
  "prefix_caching_enabled": true,
  "max_concurrency": 1,
  "benchmarks": [
    {
      "concurrency": 1,
      "context_size": 0,
      "prompt_size": 2048,
      "response_size": 128,
      "is_context_prefill_phase": false,
      "pp_throughput": {
        "mean": 755.2003378813146,
        "std": 487.89604555064835,
        "values": [
          98.05181126724838,
          901.6189332209136,
          1265.9302691557814
        ]
      },
      "pp_req_throughput": {
        "mean": 755.2003378813146,
        "std": 487.89604555064835,
        "values": [
          98.05181126724838,
          901.6189332209136,
          1265.9302691557814
        ]
      },
      "tg_throughput": {
        "mean": 26.289437762281548,
        "std": 7.604385311218051,
        "values": [
          36.97304169414246,
          19.882051819112398,
          22.013219773589785
        ]
      },
      "tg_req_throughput": {
        "mean": 26.289437762281548,
        "std": 7.604385311218051,
        "values": [
          36.97304169414246,
          19.882051819112398,
          22.013219773589785
        ]
      },
      "peak_throughput": {
        "mean": 36.666666666666664,
        "std": 5.90668171555645,
        "values": [
          45.0,
          32.0,
          33.0
        ]
      },
      "peak_req_throughput": {
        "mean": 36.666666666666664,
        "std": 5.90668171555645,
        "values": [
          45.0,
          32.0,
          33.0
        ]
      },
      "ttfr": {
        "mean": 8286.492320666639,
        "std": 8937.882363612254,
        "values": [
          20920.958451000046,
          2295.312808999938,
          1643.205701999932
        ]
      },
      "est_ppt": {
        "mean": 8262.64911433331,
        "std": 8937.882363612256,
        "values": [
          20897.11524466672,
          2271.4696026666084,
          1619.3624956666024
        ]
      },
      "e2e_ttft": {
        "mean": 8286.492320666639,
        "std": 8937.882363612254,
        "values": [
          20920.958451000046,
          2295.312808999938,
          1643.205701999932
        ]
      },
      "throughput_over_time": null,
      "requests_throughput_over_time": null
    }
  ]
}