{
  "version": "0.3.7",
  "timestamp": "2026-05-03 17:22:20Z",
  "latency_mode": "api",
  "latency_ms": 14.344704333325353,
  "model": "qwen35-27b",
  "prefix_caching_enabled": true,
  "max_concurrency": 2,
  "benchmarks": [
    {
      "concurrency": 2,
      "context_size": 16384,
      "prompt_size": 2048,
      "response_size": 128,
      "is_context_prefill_phase": true,
      "pp_throughput": {
        "mean": 794.7023057392686,
        "std": 17.38537452045959,
        "values": [
          775.481106849992,
          791.0356311500879,
          817.5901792177258
        ]
      },
      "pp_req_throughput": {
        "mean": 404.86138589318534,
        "std": 11.60419898959334,
        "values": [
          401.63277336297426,
          387.9451092313761,
          395.6946848868468,
          410.62687296941243,
          424.2790929561879,
          408.98978195231484
        ]
      },
      "tg_throughput": {
        "mean": 27.675875814444396,
        "std": 0.6890152651529692,
        "values": [
          27.296371853106727,
          27.088391916555448,
          28.642863673671012
        ]
      },
      "tg_req_throughput": {
        "mean": 16.46794604691449,
        "std": 3.4934803953559745,
        "values": [
          13.648109962802195,
          23.65803312492795,
          16.52139763591739,
          13.544105338377863,
          14.321392482929262,
          17.114637736532273
        ]
      },
      "peak_throughput": {
        "mean": 45.666666666666664,
        "std": 0.9428090415820634,
        "values": [
          45.0,
          47.0,
          45.0
        ]
      },
      "peak_req_throughput": {
        "mean": 27.833333333333332,
        "std": 3.8908725099762504,
        "values": [
          26.0,
          35.0,
          25.0,
          24.0,
          26.0,
          31.0
        ]
      },
      "ttfr": {
        "mean": 40517.28084500004,
        "std": 1155.9968629295802,
        "values": [
          40810.31825699983,
          42249.70122800005,
          41422.532950999994,
          39914.31491699995,
          38632.7924950001,
          40074.02522200027
        ]
      },
      "est_ppt": {
        "mean": 40502.93614066671,
        "std": 1155.9968629295802,
        "values": [
          40795.97355266651,
          42235.35652366672,
          41408.18824666667,
          39899.97021266663,
          38618.447790666774,
          40059.680517666944
        ]
      },
      "e2e_ttft": {
        "mean": 40524.8179416667,
        "std": 1158.632686820106,
        "values": [
          40843.13278899981,
          42254.237913,
          41425.44116800036,
          39914.31491699995,
          38632.7924950001,
          40078.988367999955
        ]
      },
      "throughput_over_time": null,
      "requests_throughput_over_time": null
    },
    {
      "concurrency": 2,
      "context_size": 16384,
      "prompt_size": 2048,
      "response_size": 128,
      "is_context_prefill_phase": false,
      "pp_throughput": {
        "mean": 149.02727793577495,
        "std": 7.163738156714289,
        "values": [
          143.02978516546983,
          144.9548662177912,
          159.09718242406376
        ]
      },
      "pp_req_throughput": {
        "mean": 75.19358567298273,
        "std": 4.539034704739362,
        "values": [
          71.61883562876939,
          71.55384262736642,
          72.56259359173839,
          72.59852793982627,
          79.60409869615381,
          83.22361555404215
        ]
      },
      "tg_throughput": {
        "mean": 30.830025573634348,
        "std": 1.4319411193697325,
        "values": [
          32.523300649078294,
          30.945311989857274,
          29.021464081967476
        ]
      },
      "tg_req_throughput": {
        "mean": 17.205765022590665,
        "std": 2.0865592686570427,
        "values": [
          16.261422683352883,
          21.226267815623363,
          15.472580228936119,
          18.465786532842618,
          16.64141345714791,
          15.16711941764109
        ]
      },
      "peak_throughput": {
        "mean": 54.0,
        "std": 7.0710678118654755,
        "values": [
          59.0,
          59.0,
          44.0
        ]
      },
      "peak_req_throughput": {
        "mean": 28.333333333333332,
        "std": 2.748737083745107,
        "values": [
          32.0,
          28.0,
          27.0,
          32.0,
          26.0,
          25.0
        ]
      },
      "ttfr": {
        "mean": 27345.544302333336,
        "std": 1571.6302875859776,
        "values": [
          28610.17402799962,
          28636.147877999974,
          28238.2531760004,
          28224.283088999982,
          25741.663191000043,
          24622.744452000006
        ]
      },
      "est_ppt": {
        "mean": 27331.199598000014,
        "std": 1571.6302875859776,
        "values": [
          28595.829323666294,
          28621.80317366665,
          28223.908471667073,
          28209.938384666657,
          25727.318486666718,
          24608.39974766668
        ]
      },
      "e2e_ttft": {
        "mean": 27355.30481950006,
        "std": 1577.2483849252708,
        "values": [
          28636.317558999963,
          28636.147877999974,
          28238.2531760004,
          28253.095335000125,
          25745.27051699988,
          24622.744452000006
        ]
      },
      "throughput_over_time": null,
      "requests_throughput_over_time": null
    }
  ]
}