{
  "version": "0.3.7",
  "timestamp": "2026-05-03 16:30:16Z",
  "latency_mode": "api",
  "latency_ms": 14.881080333301119,
  "model": "qwen35-27b",
  "prefix_caching_enabled": true,
  "max_concurrency": 2,
  "benchmarks": [
    {
      "concurrency": 2,
      "context_size": 0,
      "prompt_size": 2048,
      "response_size": 128,
      "is_context_prefill_phase": false,
      "pp_throughput": {
        "mean": 962.0733572321582,
        "std": 281.8021564077452,
        "values": [
          570.5743119944301,
          1222.3601265969398,
          1093.2856331051044
        ]
      },
      "pp_req_throughput": {
        "mean": 489.4176858342324,
        "std": 145.4501017012899,
        "values": [
          285.7401778677044,
          287.1171750762522,
          613.9050405501317,
          620.9718731099221,
          579.8825271127615,
          548.8893212886225
        ]
      },
      "tg_throughput": {
        "mean": 39.42804543502919,
        "std": 3.446687208963121,
        "values": [
          35.05169774970078,
          39.75741192417732,
          43.47502663120948
        ]
      },
      "tg_req_throughput": {
        "mean": 22.493871574214378,
        "std": 4.427710368087553,
        "values": [
          17.591674276670084,
          19.32386074484309,
          25.909074840456935,
          19.878364646728357,
          21.737064531816607,
          30.52319040477119
        ]
      },
      "peak_throughput": {
        "mean": 64.0,
        "std": 1.632993161855452,
        "values": [
          66.0,
          64.0,
          62.0
        ]
      },
      "peak_req_throughput": {
        "mean": 34.666666666666664,
        "std": 3.4960294939005054,
        "values": [
          36.0,
          31.0,
          36.0,
          29.0,
          37.0,
          39.0
        ]
      },
      "ttfr": {
        "mean": 4715.56330949996,
        "std": 1737.800744386336,
        "values": [
          7178.731873999936,
          7151.340260999973,
          3352.530821999949,
          3314.5474399999557,
          3548.355368999978,
          3747.8740909999715
        ]
      },
      "est_ppt": {
        "mean": 4700.68222916666,
        "std": 1737.8007443863362,
        "values": [
          7163.850793666636,
          7136.459180666672,
          3337.6497416666475,
          3299.6663596666544,
          3533.474288666677,
          3732.99301066667
        ]
      },
      "e2e_ttft": {
        "mean": 4715.56330949996,
        "std": 1737.800744386336,
        "values": [
          7178.731873999936,
          7151.340260999973,
          3352.530821999949,
          3314.5474399999557,
          3548.355368999978,
          3747.8740909999715
        ]
      },
      "throughput_over_time": null,
      "requests_throughput_over_time": null
    }
  ]
}